사업유형코드,전사업코드,전사업명,대사업코드,대사업명,중사업코드,중사업명,소사업코드,소사업명,business_level5_cd,business_level5_name,business_level6_cd,business_level6_name,사업코드,사업명,정렬순서,최초생성자ID,최초생성일시,last_update_dtm,etl_dtm
TYPE 2,901,전사업공통비,701,물류사업본부,501,P&D공통,502,P&D육운공통,401,일반화물운송공통,303,일반화물운송,303,일반화물운송,1770,epark,2023-12-19 14:11:48.109000,2023-12-26 01:07:37.831000,2023-12-26 01:07:37.831000
TYPE 1,901,전사업공통비,703,글로벌사업본부,608,이커머스사업,430,국제특송공통,175,특송창고,175,특송창고,175,특송창고,1460,epark,2023-12-19 14:11:47.656000,2023-12-26 01:07:37.831000,2023-12-26 01:07:37.831000
TYPE 1,901,전사업공통비,703,글로벌사업본부,607,포워딩사업,427,해상포워딩공통,167,해상포워딩수입,167,해상포워딩수입,167,해상포워딩수입,1320,epark,2023-12-19 14:11:47.448000,2023-12-26 01:07:37.831000,2023-12-26 01:07:37.831000
TYPE 2,901,전사업공통비,701,물류사업본부,504,W&D공통,506,W&D창고공통,417,자가창고공통,142,시흥창고,142,시흥창고,2120,epark,2023-12-19 14:11:48.622000,2023-12-26 01:07:37.831000,2023-12-26 01:07:37.831000
TYPE 2,901,전사업공통비,701,물류사업본부,504,W&D공통,506,W&D창고공통,417,자가창고공통,143,안산창고,143,안산창고,2130,epark,2023-12-19 14:11:48.632000,2023-12-26 01:07:37.831000,2023-12-26 01:07:37.831000
TYPE 2,901,전사업공통비,703,글로벌사업본부,607,포워딩사업,607,포워딩사업,607,포워딩사업,607,포워딩사업,607,포워딩사업,3040,epark,2023-12-19 14:11:49.185000,2023-12-26 01:07:37.831000,2023-12-26 01:07:37.831000
TYPE 1,901,전사업공통비,701,물류사업본부,601,육운사업,406,내륙CD공통,406,내륙CD공통,406,내륙CD공통,406,내륙CD공통,220,epark,2023-12-19 14:11:46.366000,2023-12-26 01:07:37.831000,2023-12-26 01:07:37.831000
TYPE 2,901,전사업공통비,701,물류사업본부,501,P&D공통,502,P&D육운공통,401,일반화물운송공통,303,일반화물운송,101,일반화물운송(자차),1780,epark,2023-12-19 14:11:48.141000,2023-12-26 01:07:37.831000,2023-12-26 01:07:37.831000
TYPE 1,901,전사업공통비,702,택배사업본부,606,택배사업,422,택배사업,422,B2C공통,197,일반택배,197,일반택배,1070,epark,2023-12-19 14:11:47.260000,2023-12-26 01:07:37.831000,2023-12-26 01:07:37.831000
TYPE 1,901,전사업공통비,702,택배사업본부,606,택배사업,424,택배창고공통,160,대전택배창고,160,대전택배창고,160,대전택배창고,1180,epark,2023-12-19 14:11:47.362000,2023-12-26 01:07:37.831000,2023-12-26 01:07:37.831000
TYPE 1,901,전사업공통비,701,물류사업본부,604,창고사업,604,창고사업,604,창고사업,604,창고사업,604,창고사업,680,epark,2023-12-19 14:11:46.896000,2023-12-26 01:07:37.831000,2023-12-26 01:07:37.831000
TYPE 2,901,전사업공통비,701,물류사업본부,507,해운사업공통,440,사선공통,414,철제품선공통,135,한진3008호,135,한진3008호,2490,epark,2023-12-19 14:11:48.899000,2023-12-26 01:07:37.831000,2023-12-26 01:07:37.831000
TYPE 2,901,전사업공통비,701,물류사업본부,504,W&D공통,505,W&D육운공통,403,유통운송공통,110,유통운송,110,유통운송,2080,epark,2023-12-19 14:11:48.604000,2023-12-26 01:07:37.831000,2023-12-26 01:07:37.831000
TYPE 2,901,전사업공통비,701,물류사업본부,507,해운사업공통,307,중량물운송공통,307,중량물운송공통,307,중량물운송공통,307,중량물운송공통,2570,epark,2023-12-19 14:11:48.943000,2023-12-26 01:07:37.831000,2023-12-26 01:07:37.831000
TYPE 1,901,전사업공통비,703,글로벌사업본부,609,해외사업,432,해외해상포워딩공통,178,해외해상수출,178,해외해상수출,178,해외해상수출,1520,epark,2023-12-19 14:11:47.792000,2023-12-26 01:07:37.831000,2023-12-26 01:07:37.831000
TYPE 1,901,전사업공통비,703,글로벌사업본부,609,해외사업,432,해외해상포워딩공통,432,해외해상포워딩공통,432,해외해상포워딩공통,432,해외해상포워딩공통,1510,epark,2023-12-19 14:11:47.769000,2023-12-26 01:07:37.831000,2023-12-26 01:07:37.831000
TYPE 2,901,전사업공통비,701,물류사업본부,605,E&S사업,436,에너지사업공통,437,충전사업공통,191,전기차충전,191,전기차충전,2700,epark,2023-12-19 14:11:48.984000,2023-12-26 01:07:37.831000,2023-12-26 01:07:37.831000
TYPE 2,901,전사업공통비,701,물류사업본부,507,해운사업공통,440,사선공통,414,철제품선공통,414,철제품선공통,414,철제품선공통,2450,epark,2023-12-19 14:11:48.877000,2023-12-26 01:07:37.831000,2023-12-26 01:07:37.831000
TYPE 1,901,전사업공통비,701,물류사업본부,601,육운사업,302,육운사업 용차 공통,302,육운사업 용차 공통,302,육운사업 용차 공통,302,육운사업 용차 공통,290,epark,2023-12-19 14:11:46.485000,2023-12-26 01:07:37.831000,2023-12-26 01:07:37.831000
TYPE 2,901,전사업공통비,701,물류사업본부,501,P&D공통,502,P&D육운공통,404,철제품운송공통,404,철제품운송공통,404,철제품운송공통,1820,epark,2023-12-19 14:11:48.222000,2023-12-26 01:07:37.831000,2023-12-26 01:07:37.831000
TYPE 1,901,전사업공통비,701,물류사업본부,603,해운사업,440,사선공통,414,철제품선공통,132,한진3005호,132,한진3005호,550,epark,2023-12-19 14:11:46.767000,2023-12-26 01:07:37.831000,2023-12-26 01:07:37.831000
TYPE 1,901,전사업공통비,703,글로벌사업본부,608,이커머스사업,431,이하넥스공통,176,배송대행,176,배송대행,176,배송대행,1480,epark,2023-12-19 14:11:47.694000,2023-12-26 01:07:37.831000,2023-12-26 01:07:37.831000
TYPE 1,901,전사업공통비,703,글로벌사업본부,609,해외사업,433,해외항공포워딩공통,433,해외항공포워딩공통,433,해외항공포워딩공통,433,해외항공포워딩공통,1540,epark,2023-12-19 14:11:47.824000,2023-12-26 01:07:37.831000,2023-12-26 01:07:37.831000
TYPE 2,901,전사업공통비,701,물류사업본부,507,해운사업공통,416,용선공통,416,용선공통,138,내항용선,138,내항용선,2540,epark,2023-12-19 14:11:48.929000,2023-12-26 01:07:37.831000,2023-12-26 01:07:37.831000
TYPE 1,901,전사업공통비,702,택배사업본부,606,택배사업,422,B2C공통,306,터미널간선공통,306,터미널간선공통,306,터미널간선공통,1040,epark,2023-12-19 14:11:47.215000,2023-12-26 01:07:37.831000,2023-12-26 01:07:37.831000
TYPE 1,901,전사업공통비,701,물류사업본부,603,해운사업,440,사선공통,415,중량물선공통,415,중량물선공통,415,중량물선공통,590,epark,2023-12-19 14:11:46.858000,2023-12-26 01:07:37.831000,2023-12-26 01:07:37.831000
TYPE 2,901,전사업공통비,701,물류사업본부,508,터미널공통,510,터미널하역공통,126,PCTC,126,PCTC,126,PCTC,2350,epark,2023-12-19 14:11:48.797000,2023-12-26 01:07:37.831000,2023-12-26 01:07:37.831000
TYPE 1,901,전사업공통비,703,글로벌사업본부,607,포워딩사업,429,포워딩3PL공통,429,포워딩3PL공통,429,포워딩3PL공통,429,포워딩3PL공통,1370,epark,2023-12-19 14:11:47.474000,2023-12-26 01:07:37.831000,2023-12-26 01:07:37.831000
TYPE 1,901,전사업공통비,701,물류사업본부,605,E&S사업,435,유류사업공통,421,유류판매부대사업공통,421,유류판매부대사업공통,421,유류판매부대사업공통,860,epark,2023-12-19 14:11:47.081000,2023-12-26 01:07:37.831000,2023-12-26 01:07:37.831000
TYPE 2,901,전사업공통비,704,본사직할,698,기타부대사업,498,신사업개발,190,K패션해외진출지원,190,K패션해외진출지원,190,K패션해외진출지원,3430,epark,2023-12-19 14:11:49.524000,2023-12-26 01:07:37.831000,2023-12-26 01:07:37.831000
TYPE 2,901,전사업공통비,701,물류사업본부,501,P&D공통,503,P&D하역공통,503,P&D하역공통,503,P&D하역공통,503,P&D하역공통,1870,epark,2023-12-19 14:11:48.313000,2023-12-26 01:07:37.831000,2023-12-26 01:07:37.831000
TYPE 1,901,전사업공통비,703,글로벌사업본부,609,해외사업,434,해외3PL공통,184,해외조업,184,해외조업,184,해외조업,1600,epark,2023-12-19 14:11:47.944000,2023-12-26 01:07:37.831000,2023-12-26 01:07:37.831000
TYPE 1,901,전사업공통비,701,물류사업본부,605,E&S사업,435,유류사업공통,420,대리점사업공통,151,대리점사업,151,대리점사업,850,epark,2023-12-19 14:11:47.074000,2023-12-26 01:07:37.831000,2023-12-26 01:07:37.831000
TYPE 2,901,전사업공통비,702,택배사업본부,606,택배사업,424,택배창고공통,194,평택택배창고,194,평택택배창고,194,평택택배창고,2970,epark,2023-12-19 14:11:49.136000,2023-12-26 01:07:37.831000,2023-12-26 01:07:37.831000
TYPE 2,901,전사업공통비,701,물류사업본부,504,W&D공통,505,W&D육운공통,403,유통운송공통,108,이마트,108,이마트,2060,epark,2023-12-19 14:11:48.589000,2023-12-26 01:07:37.831000,2023-12-26 01:07:37.831000
TYPE 2,901,전사업공통비,702,택배사업본부,606,택배사업,422,B2C공통,422,B2C공통,422,B2C공통,422,B2C공통,2750,epark,2023-12-19 14:11:49.000000,2023-12-26 01:07:37.831000,2023-12-26 01:07:37.831000
TYPE 1,901,전사업공통비,701,물류사업본부,601,육운사업,401,일반화물운송공통,401,일반화물운송공통,401,일반화물운송공통,401,일반화물운송공통,40,epark,2023-12-19 14:11:46.049000,2023-12-26 01:07:37.831000,2023-12-26 01:07:37.831000
TYPE 1,901,전사업공통비,703,글로벌사업본부,609,해외사업,433,해외항공포워딩공통,181,해외항공수입,181,해외항공수입,181,해외항공수입,1560,epark,2023-12-19 14:11:47.871000,2023-12-26 01:07:37.831000,2023-12-26 01:07:37.831000
TYPE 1,901,전사업공통비,702,택배사업본부,606,택배사업,422,B2C공통,305,집배송공통,154,B2C배송,154,B2C배송,1030,epark,2023-12-19 14:11:47.203000,2023-12-26 01:07:37.831000,2023-12-26 01:07:37.831000
TYPE 1,901,전사업공통비,701,물류사업본부,605,E&S사업,435,유류사업공통,419,주유소사업공통,150,주유소사업,150,주유소사업,830,epark,2023-12-19 14:11:47.062000,2023-12-26 01:07:37.831000,2023-12-26 01:07:37.831000
TYPE 2,901,전사업공통비,703,글로벌사업본부,607,포워딩사업,428,항공포워딩공통,169,항공포워딩수입,169,항공포워딩수입,169,항공포워딩수입,3100,epark,2023-12-19 14:11:49.201000,2023-12-26 01:07:37.831000,2023-12-26 01:07:37.831000
TYPE 2,901,전사업공통비,702,택배사업본부,606,택배사업,424,택배창고공통,160,대전택배창고,160,대전택배창고,160,대전택배창고,2930,epark,2023-12-19 14:11:49.116000,2023-12-26 01:07:37.831000,2023-12-26 01:07:37.831000
TYPE 1,901,전사업공통비,701,물류사업본부,604,창고사업,418,임대창고공통,418,임대창고공통,418,임대창고공통,418,임대창고공통,760,epark,2023-12-19 14:11:47.027000,2023-12-26 01:07:37.831000,2023-12-26 01:07:37.831000
TYPE 2,901,전사업공통비,701,물류사업본부,507,해운사업공통,440,사선공통,415,중량물선공통,415,중량물선공통,415,중량물선공통,2500,epark,2023-12-19 14:11:48.906000,2023-12-26 01:07:37.831000,2023-12-26 01:07:37.831000
TYPE 1,901,전사업공통비,701,물류사업본부,610,정비사업,408,외부정비공통,408,외부정비공통,408,외부정비공통,118,외부정비,970,epark,2023-12-19 14:11:47.138000,2023-12-26 01:07:37.831000,2023-12-26 01:07:37.831000
TYPE 2,901,전사업공통비,701,물류사업본부,501,P&D공통,503,P&D하역공통,308,항만법인경영지원공통,308,항만법인경영지원공통,308,항만법인경영지원공통,1990,epark,2023-12-19 14:11:48.555000,2023-12-26 01:07:37.831000,2023-12-26 01:07:37.831000
TYPE 1,901,전사업공통비,701,물류사업본부,605,E&S사업,436,에너지사업공통,437,충전사업공통,191,전기차충전,191,전기차충전,900,epark,2023-12-19 14:11:47.116000,2023-12-26 01:07:37.831000,2023-12-26 01:07:37.831000
TYPE 1,901,전사업공통비,702,택배사업본부,702,택배사업본부,702,택배사업본부,702,택배사업본부,702,택배사업본부,702,택배사업본부,980,epark,2023-12-19 14:11:47.144000,2023-12-26 01:07:37.831000,2023-12-26 01:07:37.831000
TYPE 2,901,전사업공통비,701,물류사업본부,605,E&S사업,435,유류사업공통,421,유류판매부대사업공통,421,유류판매부대사업공통,421,유류판매부대사업공통,2660,epark,2023-12-19 14:11:48.969000,2023-12-26 01:07:37.831000,2023-12-26 01:07:37.831000
TYPE 1,901,전사업공통비,702,택배사업본부,606,택배사업,424,택배창고공통,424,택배창고공통,424,택배창고공통,424,택배창고공통,1150,epark,2023-12-19 14:11:47.350000,2023-12-26 01:07:37.831000,2023-12-26 01:07:37.831000
TYPE 2,901,전사업공통비,701,물류사업본부,507,해운사업공통,440,사선공통,440,사선공통,440,사선공통,440,사선공통,2390,epark,2023-12-19 14:11:48.841000,2023-12-26 01:07:37.831000,2023-12-26 01:07:37.831000
TYPE 2,901,전사업공통비,701,물류사업본부,501,P&D공통,408,외부정비공통,118,외부정비,118,외부정비,118,외부정비,2020,epark,2023-12-19 14:11:48.566000,2023-12-26 01:07:37.831000,2023-12-26 01:07:37.831000
TYPE 1,901,전사업공통비,701,물류사업본부,601,육운사업,404,철제품운송공통,112,철제품운송(용차),112,철제품운송(용차),112,철제품운송(용차),190,epark,2023-12-19 14:11:46.341000,2023-12-26 01:07:37.831000,2023-12-26 01:07:37.831000
TYPE 2,901,전사업공통비,701,물류사업본부,504,W&D공통,506,W&D창고공통,418,임대창고공통,148,대구텍창고,148,대구텍창고,2190,epark,2023-12-19 14:11:48.717000,2023-12-26 01:07:37.831000,2023-12-26 01:07:37.831000
TYPE 2,901,전사업공통비,701,물류사업본부,507,해운사업공통,416,용선공통,416,용선공통,140,선박관리,140,선박관리,2560,epark,2023-12-19 14:11:48.940000,2023-12-26 01:07:37.831000,2023-12-26 01:07:37.831000
TYPE 1,901,전사업공통비,704,본사직할,698,기타부대사업,498,신사업개발,190,K패션해외진출지원,190,K패션해외진출지원,190,K패션해외진출지원,1680,epark,2023-12-19 14:11:48.030000,2023-12-26 01:07:37.831000,2023-12-26 01:07:37.831000
TYPE 1,901,전사업공통비,704,본사직할,698,기타부대사업,698,기타부대사업,698,기타부대사업,698,기타부대사업,698,기타부대사업,1640,epark,2023-12-19 14:11:48.008000,2023-12-26 01:07:37.831000,2023-12-26 01:07:37.831000
TYPE 2,901,전사업공통비,703,글로벌사업본부,609,해외사업,433,해외항공포워딩공통,181,해외항공수입,181,해외항공수입,181,해외항공수입,3310,epark,2023-12-19 14:11:49.372000,2023-12-26 01:07:37.831000,2023-12-26 01:07:37.831000
TYPE 2,901,전사업공통비,701,물류사업본부,507,해운사업공통,440,사선공통,413,방폐물선공통,413,방폐물선공통,413,방폐물선공통,2430,epark,2023-12-19 14:11:48.871000,2023-12-26 01:07:37.831000,2023-12-26 01:07:37.831000
TYPE 1,901,전사업공통비,701,물류사업본부,603,해운사업,440,사선공통,414,철제품선공통,414,철제품선공통,414,철제품선공통,540,epark,2023-12-19 14:11:46.745000,2023-12-26 01:07:37.831000,2023-12-26 01:07:37.831000
TYPE 1,901,전사업공통비,703,글로벌사업본부,609,해외사업,434,해외3PL공통,183,해외RFS,183,해외RFS,183,해외RFS,1590,epark,2023-12-19 14:11:47.937000,2023-12-26 01:07:37.831000,2023-12-26 01:07:37.831000
TYPE 1,901,전사업공통비,702,택배사업본부,606,택배사업,426,B2B공통,426,B2B공통,426,B2B공통,426,B2B공통,1260,epark,2023-12-19 14:11:47.418000,2023-12-26 01:07:37.831000,2023-12-26 01:07:37.831000
TYPE 1,901,전사업공통비,701,물류사업본부,605,E&S사업,436,에너지사업공통,436,에너지사업공통,436,에너지사업공통,436,에너지사업공통,880,epark,2023-12-19 14:11:47.107000,2023-12-26 01:07:37.831000,2023-12-26 01:07:37.831000
TYPE 2,901,전사업공통비,702,택배사업본부,606,택배사업,424,택배창고공통,162,동부산택배창고,162,동부산택배창고,162,동부산택배창고,2950,epark,2023-12-19 14:11:49.127000,2023-12-26 01:07:37.831000,2023-12-26 01:07:37.831000
TYPE 1,901,전사업공통비,702,택배사업본부,606,택배사업,426,B2B공통,165,B2B,165,B2B,165,B2B,1270,epark,2023-12-19 14:11:47.429000,2023-12-26 01:07:37.831000,2023-12-26 01:07:37.831000
TYPE 2,901,전사업공통비,701,물류사업본부,504,W&D공통,506,W&D창고공통,506,W&D창고공통,506,W&D창고공통,506,W&D창고공통,2090,epark,2023-12-19 14:11:48.605000,2023-12-26 01:07:37.831000,2023-12-26 01:07:37.831000
TYPE 2,901,전사업공통비,701,물류사업본부,501,P&D공통,503,P&D하역공통,409,일반화물하역공통,304,일반화물하역,119,일반화물하역(자가),1900,epark,2023-12-19 14:11:48.389000,2023-12-26 01:07:37.831000,2023-12-26 01:07:37.831000
TYPE 2,901,전사업공통비,701,물류사업본부,501,P&D공통,503,P&D하역공통,410,자동차하역공통,125,자동차하역(위탁),125,자동차하역(위탁),1980,epark,2023-12-19 14:11:48.553000,2023-12-26 01:07:37.831000,2023-12-26 01:07:37.831000
TYPE 2,901,전사업공통비,703,글로벌사업본부,608,이커머스사업,430,국제특송공통,173,특송수출,173,특송수출,173,특송수출,3170,epark,2023-12-19 14:11:49.254000,2023-12-26 01:07:37.831000,2023-12-26 01:07:37.831000
TYPE 2,901,전사업공통비,703,글로벌사업본부,609,해외사업,434,해외3PL공통,183,해외RFS,183,해외RFS,183,해외RFS,3340,epark,2023-12-19 14:11:49.396000,2023-12-26 01:07:37.831000,2023-12-26 01:07:37.831000
TYPE 1,901,전사업공통비,701,물류사업본부,601,육운사업,601,육운사업,601,육운사업,601,육운사업,601,육운사업,30,epark,2023-12-19 14:11:46.038000,2023-12-26 01:07:37.831000,2023-12-26 01:07:37.831000
TYPE 2,901,전사업공통비,703,글로벌사업본부,607,포워딩사업,429,포워딩3PL공통,171,포장이주,171,포장이주,171,포장이주,3130,epark,2023-12-19 14:11:49.223000,2023-12-26 01:07:37.831000,2023-12-26 01:07:37.831000
TYPE 1,901,전사업공통비,702,택배사업본부,606,택배사업,424,택배창고공통,163,서울복합창고,163,서울복합창고,163,서울복합창고,1210,epark,2023-12-19 14:11:47.379000,2023-12-26 01:07:37.831000,2023-12-26 01:07:37.831000
TYPE 1,901,전사업공통비,701,물류사업본부,603,해운사업,440,사선공통,414,철제품선공통,133,한진3006호,133,한진3006호,560,epark,2023-12-19 14:11:46.790000,2023-12-26 01:07:37.831000,2023-12-26 01:07:37.831000
TYPE 1,901,전사업공통비,701,물류사업본부,601,육운사업,401,일반화물운송공통,303,일반화물운송,102,일반화물운송(용차),102,일반화물운송(용차),70,epark,2023-12-19 14:11:46.071000,2023-12-26 01:07:37.831000,2023-12-26 01:07:37.831000
TYPE 2,901,전사업공통비,703,글로벌사업본부,609,해외사업,434,해외3PL공통,434,해외3PL공통,434,해외3PL공통,434,해외3PL공통,3330,epark,2023-12-19 14:11:49.389000,2023-12-26 01:07:37.831000,2023-12-26 01:07:37.831000
TYPE 1,901,전사업공통비,701,물류사업본부,605,E&S사업,436,에너지사업공통,437,충전사업공통,437,충전사업공통,437,충전사업공통,890,epark,2023-12-19 14:11:47.115000,2023-12-26 01:07:37.831000,2023-12-26 01:07:37.831000
TYPE 1,901,전사업공통비,701,물류사업본부,604,창고사업,418,임대창고공통,148,대구텍창고,148,대구텍창고,148,대구텍창고,780,epark,2023-12-19 14:11:47.040000,2023-12-26 01:07:37.831000,2023-12-26 01:07:37.831000
TYPE 2,901,전사업공통비,701,물류사업본부,507,해운사업공통,307,중량물운송공통,105,중량물운송,105,중량물운송,105,중량물운송,2580,epark,2023-12-19 14:11:48.944000,2023-12-26 01:07:37.831000,2023-12-26 01:07:37.831000
TYPE 2,901,전사업공통비,701,물류사업본부,507,해운사업공통,440,사선공통,412,건화물선공통,130,한진그린호,130,한진그린호,2420,epark,2023-12-19 14:11:48.867000,2023-12-26 01:07:37.831000,2023-12-26 01:07:37.831000
TYPE 1,901,전사업공통비,703,글로벌사업본부,609,해외사업,434,해외3PL공통,186,해외법인경영지원,186,해외법인경영지원,186,해외법인경영지원,1620,epark,2023-12-19 14:11:47.979000,2023-12-26 01:07:37.831000,2023-12-26 01:07:37.831000
TYPE 1,901,전사업공통비,701,물류사업본부,601,육운사업,407,화물운송부대공통,117,화물운송부대,117,화물운송부대,117,화물운송부대,270,epark,2023-12-19 14:11:46.455000,2023-12-26 01:07:37.831000,2023-12-26 01:07:37.831000
TYPE 2,901,전사업공통비,702,택배사업본부,606,택배사업,422,B2C공통,422,B2C공통,200,취급점택배,200,취급점택배,2840,epark,2023-12-19 14:11:49.067000,2023-12-26 01:07:37.831000,2023-12-26 01:07:37.831000
TYPE 1,901,전사업공통비,701,물류사업본부,604,창고사업,417,자가창고공통,143,안산창고,143,안산창고,143,안산창고,720,epark,2023-12-19 14:11:46.980000,2023-12-26 01:07:37.831000,2023-12-26 01:07:37.831000
TYPE 2,901,전사업공통비,701,물류사업본부,507,해운사업공통,440,사선공통,415,중량물선공통,136,한진파이오니어호,136,한진파이오니어호,2510,epark,2023-12-19 14:11:48.918000,2023-12-26 01:07:37.831000,2023-12-26 01:07:37.831000
TYPE 1,901,전사업공통비,702,택배사업본부,606,택배사업,424,택배창고공통,161,남부산택배창고,161,남부산택배창고,161,남부산택배창고,1200,epark,2023-12-19 14:11:47.371000,2023-12-26 01:07:37.831000,2023-12-26 01:07:37.831000
TYPE 1,901,전사업공통비,701,물류사업본부,602,하역사업,409,일반화물하역공통,121,철제품하역,121,철제품하역,121,철제품하역,350,epark,2023-12-19 14:11:46.574000,2023-12-26 01:07:37.831000,2023-12-26 01:07:37.831000
TYPE 1,901,전사업공통비,701,물류사업본부,603,해운사업,440,사선공통,412,건화물선공통,130,한진그린호,130,한진그린호,510,epark,2023-12-19 14:11:46.655000,2023-12-26 01:07:37.831000,2023-12-26 01:07:37.831000
TYPE 1,901,전사업공통비,701,물류사업본부,603,해운사업,416,용선공통,416,용선공통,138,내항용선,138,내항용선,630,epark,2023-12-19 14:11:46.875000,2023-12-26 01:07:37.831000,2023-12-26 01:07:37.831000
TYPE 1,901,전사업공통비,703,글로벌사업본부,608,이커머스사업,431,이하넥스공통,177,구매대행,177,구매대행,177,구매대행,1490,epark,2023-12-19 14:11:47.717000,2023-12-26 01:07:37.831000,2023-12-26 01:07:37.831000
TYPE 2,901,전사업공통비,701,물류사업본부,504,W&D공통,506,W&D창고공통,418,임대창고공통,418,임대창고공통,418,임대창고공통,2170,epark,2023-12-19 14:11:48.691000,2023-12-26 01:07:37.831000,2023-12-26 01:07:37.831000
TYPE 1,901,전사업공통비,702,택배사업본부,606,택배사업,422,택배사업,422,B2C공통,202,공항택배,202,공항택배,1110,epark,2023-12-19 14:11:47.332000,2023-12-26 01:07:37.831000,2023-12-26 01:07:37.831000
TYPE 1,901,전사업공통비,703,글로벌사업본부,607,포워딩사업,428,항공포워딩공통,428,항공포워딩공통,428,항공포워딩공통,428,항공포워딩공통,1330,epark,2023-12-19 14:11:47.453000,2023-12-26 01:07:37.831000,2023-12-26 01:07:37.831000
TYPE 1,901,전사업공통비,701,물류사업본부,603,해운사업,440,사선공통,413,방폐물선공통,413,방폐물선공통,413,방폐물선공통,520,epark,2023-12-19 14:11:46.699000,2023-12-26 01:07:37.831000,2023-12-26 01:07:37.831000
TYPE 2,901,전사업공통비,701,물류사업본부,507,해운사업공통,507,해운사업공통,507,해운사업공통,507,해운사업공통,507,해운사업공통,2380,epark,2023-12-19 14:11:48.835000,2023-12-26 01:07:37.831000,2023-12-26 01:07:37.831000
TYPE 1,901,전사업공통비,703,글로벌사업본부,607,포워딩사업,428,항공포워딩공통,169,항공포워딩수입,169,항공포워딩수입,169,항공포워딩수입,1350,epark,2023-12-19 14:11:47.462000,2023-12-26 01:07:37.831000,2023-12-26 01:07:37.831000
TYPE 1,901,전사업공통비,701,물류사업본부,601,육운사업,401,일반화물운송공통,303,일반화물운송,101,일반화물운송(자차),101,일반화물운송(자차),60,epark,2023-12-19 14:11:46.061000,2023-12-26 01:07:37.831000,2023-12-26 01:07:37.831000
TYPE 1,901,전사업공통비,701,물류사업본부,601,육운사업,403,유통운송공통,108,이마트,108,이마트,108,이마트,140,epark,2023-12-19 14:11:46.206000,2023-12-26 01:07:37.831000,2023-12-26 01:07:37.831000
TYPE 2,901,전사업공통비,702,택배사업본부,606,택배사업,426,B2B공통,426,B2B공통,426,B2B공통,426,B2B공통,3010,epark,2023-12-19 14:11:49.163000,2023-12-26 01:07:37.831000,2023-12-26 01:07:37.831000
TYPE 1,901,전사업공통비,701,물류사업본부,603,해운사업,603,해운사업,603,해운사업,603,해운사업,603,해운사업,470,epark,2023-12-19 14:11:46.607000,2023-12-26 01:07:37.831000,2023-12-26 01:07:37.831000
TYPE 1,901,전사업공통비,704,본사직할,698,기타부대사업,498,신사업개발,498,신사업개발,498,신사업개발,498,신사업개발,1650,epark,2023-12-19 14:11:48.013000,2023-12-26 01:07:37.831000,2023-12-26 01:07:37.831000
TYPE 2,901,전사업공통비,701,물류사업본부,508,터미널공통,510,터미널하역공통,128,터미널경영위탁,128,터미널경영위탁,128,터미널경영위탁,2360,epark,2023-12-19 14:11:48.809000,2023-12-26 01:07:37.831000,2023-12-26 01:07:37.831000
TYPE 1,901,전사업공통비,701,물류사업본부,605,E&S사업,435,유류사업공통,421,유류판매부대사업공통,152,유류판매부대사업,152,유류판매부대사업,870,epark,2023-12-19 14:11:47.094000,2023-12-26 01:07:37.831000,2023-12-26 01:07:37.831000
TYPE 2,901,전사업공통비,701,물류사업본부,501,P&D공통,503,P&D하역공통,410,자동차하역공통,124,자동차하역(자가),124,자동차하역(자가),1970,epark,2023-12-19 14:11:48.541000,2023-12-26 01:07:37.831000,2023-12-26 01:07:37.831000
TYPE 2,901,전사업공통비,702,택배사업본부,606,택배사업,422,B2C공통,305,집배송공통,305,집배송공통,305,집배송공통,2760,epark,2023-12-19 14:11:49.007000,2023-12-26 01:07:37.831000,2023-12-26 01:07:37.831000
TYPE 1,901,전사업공통비,704,본사직할,699,렌터카사업,699,렌터카사업,699,렌터카사업,699,렌터카사업,699,렌터카사업,1690,epark,2023-12-19 14:11:48.035000,2023-12-26 01:07:37.831000,2023-12-26 01:07:37.831000
TYPE 1,901,전사업공통비,701,물류사업본부,603,해운사업,416,용선공통,416,용선공통,139,외항용선,139,외항용선,640,epark,2023-12-19 14:11:46.880000,2023-12-26 01:07:37.831000,2023-12-26 01:07:37.831000
TYPE 2,901,전사업공통비,701,물류사업본부,501,P&D공통,502,P&D육운공통,404,철제품운송공통,112,철제품운송(용차),112,철제품운송(용차),1840,epark,2023-12-19 14:11:48.254000,2023-12-26 01:07:37.831000,2023-12-26 01:07:37.831000
TYPE 2,901,전사업공통비,701,물류사업본부,605,E&S사업,436,에너지사업공통,436,에너지사업공통,436,에너지사업공통,436,에너지사업공통,2680,epark,2023-12-19 14:11:48.976000,2023-12-26 01:07:37.831000,2023-12-26 01:07:37.831000
TYPE 2,901,전사업공통비,702,택배사업본부,606,택배사업,422,B2C공통,422,B2C공통,198,냉동/냉장 화물,198,냉동/냉장 화물,2830,epark,2023-12-19 14:11:49.060000,2023-12-26 01:07:37.831000,2023-12-26 01:07:37.831000
TYPE 2,901,전사업공통비,701,물류사업본부,508,터미널공통,509,터미널육운공통,406,내륙CD공통,116,양산CY,116,양산CY,2330,epark,2023-12-19 14:11:48.787000,2023-12-26 01:07:37.831000,2023-12-26 01:07:37.831000
TYPE 2,901,전사업공통비,701,물류사업본부,501,P&D공통,503,P&D하역공통,409,일반화물하역공통,121,철제품하역,121,철제품하역,1920,epark,2023-12-19 14:11:48.441000,2023-12-26 01:07:37.831000,2023-12-26 01:07:37.831000
TYPE 2,901,전사업공통비,701,물류사업본부,504,W&D공통,506,W&D창고공통,417,자가창고공통,144,인천물류센터,144,인천물류센터,2140,epark,2023-12-19 14:11:48.641000,2023-12-26 01:07:37.831000,2023-12-26 01:07:37.831000
TYPE 1,901,전사업공통비,702,택배사업본부,606,택배사업,424,택배창고공통,194,평택택배창고,194,평택택배창고,194,평택택배창고,1230,epark,2023-12-19 14:11:47.389000,2023-12-26 01:07:37.831000,2023-12-26 01:07:37.831000
TYPE 1,901,전사업공통비,704,본사직할,699,렌터카사업,499,렌터카공통,199,렌터카사업,199,렌터카사업,199,렌터카사업,1710,epark,2023-12-19 14:11:48.042000,2023-12-26 01:07:37.831000,2023-12-26 01:07:37.831000
TYPE 1,901,전사업공통비,701,물류사업본부,603,해운사업,440,사선공통,412,건화물선공통,412,건화물선공통,412,건화물선공통,490,epark,2023-12-19 14:11:46.619000,2023-12-26 01:07:37.831000,2023-12-26 01:07:37.831000
TYPE 1,901,전사업공통비,703,글로벌사업본부,608,이커머스사업,430,국제특송공통,430,국제특송공통,430,국제특송공통,430,국제특송공통,1410,epark,2023-12-19 14:11:47.573000,2023-12-26 01:07:37.831000,2023-12-26 01:07:37.831000
TYPE 2,901,전사업공통비,702,택배사업본부,606,택배사업,422,B2C공통,422,B2C공통,203,VIG(귀중품)택배,203,VIG(귀중품)택배,2870,epark,2023-12-19 14:11:49.079000,2023-12-26 01:07:37.831000,2023-12-26 01:07:37.831000
TYPE 1,901,전사업공통비,701,물류사업본부,604,창고사업,417,자가창고공통,147,양산창고,147,양산창고,147,양산창고,750,epark,2023-12-19 14:11:47.018000,2023-12-26 01:07:37.831000,2023-12-26 01:07:37.831000
TYPE 2,901,전사업공통비,703,글로벌사업본부,607,포워딩사업,427,해상포워딩공통,427,해상포워딩공통,427,해상포워딩공통,427,해상포워딩공통,3050,epark,2023-12-19 14:11:49.194000,2023-12-26 01:07:37.831000,2023-12-26 01:07:37.831000
TYPE 2,901,전사업공통비,702,택배사업본부,606,택배사업,422,B2C공통,305,집배송공통,154,B2C배송,154,B2C배송,2780,epark,2023-12-19 14:11:49.031000,2023-12-26 01:07:37.831000,2023-12-26 01:07:37.831000
TYPE 2,901,전사업공통비,701,물류사업본부,507,해운사업공통,440,사선공통,412,건화물선공통,412,건화물선공통,412,건화물선공통,2400,epark,2023-12-19 14:11:48.852000,2023-12-26 01:07:37.831000,2023-12-26 01:07:37.831000
TYPE 2,901,전사업공통비,701,물류사업본부,508,터미널공통,509,터미널육운공통,407,화물운송부대공통,407,화물운송부대공통,407,화물운송부대공통,2280,epark,2023-12-19 14:11:48.759000,2023-12-26 01:07:37.831000,2023-12-26 01:07:37.831000
TYPE 2,901,전사업공통비,702,택배사업본부,606,택배사업,422,B2C공통,305,집배송공통,153,B2C집하,153,B2C집하,2770,epark,2023-12-19 14:11:49.021000,2023-12-26 01:07:37.831000,2023-12-26 01:07:37.831000
TYPE 2,901,전사업공통비,702,택배사업본부,606,택배사업,422,B2C공통,422,B2C공통,201,골프택배,201,골프택배,2850,epark,2023-12-19 14:11:49.071000,2023-12-26 01:07:37.831000,2023-12-26 01:07:37.831000
TYPE 1,901,전사업공통비,701,물류사업본부,603,해운사업,307,중량물운송공통,105,중량물운송,105,중량물운송,105,중량물운송,670,epark,2023-12-19 14:11:46.888000,2023-12-26 01:07:37.831000,2023-12-26 01:07:37.831000
TYPE 2,901,전사업공통비,701,물류사업본부,504,W&D공통,506,W&D창고공통,417,자가창고공통,417,자가창고공통,417,자가창고공통,2100,epark,2023-12-19 14:11:48.609000,2023-12-26 01:07:37.831000,2023-12-26 01:07:37.831000
TYPE 1,901,전사업공통비,701,물류사업본부,602,하역사업,308,항만법인경영지원공통,187,항만법인경영지원,187,항만법인경영지원,187,항만법인경영지원,460,epark,2023-12-19 14:11:46.605000,2023-12-26 01:07:37.831000,2023-12-26 01:07:37.831000
TYPE 2,901,전사업공통비,703,글로벌사업본부,607,포워딩사업,429,포워딩3PL공통,172,육상운송,172,육상운송,172,육상운송,3140,epark,2023-12-19 14:11:49.231000,2023-12-26 01:07:37.831000,2023-12-26 01:07:37.831000
TYPE 2,901,전사업공통비,703,글로벌사업본부,608,이커머스사업,430,국제특송공통,175,특송창고,175,특송창고,175,특송창고,3210,epark,2023-12-19 14:11:49.299000,2023-12-26 01:07:37.831000,2023-12-26 01:07:37.831000
TYPE 2,901,전사업공통비,703,글로벌사업본부,608,이커머스사업,430,국제특송공통,430,국제특송공통,430,국제특송공통,430,국제특송공통,3160,epark,2023-12-19 14:11:49.244000,2023-12-26 01:07:37.831000,2023-12-26 01:07:37.831000
TYPE 2,901,전사업공통비,701,물류사업본부,507,해운사업공통,440,사선공통,415,중량물선공통,137,한진리더호,137,한진리더호,2520,epark,2023-12-19 14:11:48.920000,2023-12-26 01:07:37.831000,2023-12-26 01:07:37.831000
TYPE 2,901,전사업공통비,701,물류사업본부,501,P&D공통,503,P&D하역공통,409,일반화물하역공통,304,일반화물하역,304,일반화물하역,1890,epark,2023-12-19 14:11:48.361000,2023-12-26 01:07:37.831000,2023-12-26 01:07:37.831000
TYPE 2,901,전사업공통비,701,물류사업본부,508,터미널공통,510,터미널하역공통,411,터미널운영공통,411,터미널운영공통,411,터미널운영공통,2370,epark,2023-12-19 14:11:48.822000,2023-12-26 01:07:37.831000,2023-12-26 01:07:37.831000
TYPE 1,901,전사업공통비,701,물류사업본부,605,E&S사업,435,유류사업공통,435,유류사업공통,435,유류사업공통,435,유류사업공통,810,epark,2023-12-19 14:11:47.056000,2023-12-26 01:07:37.831000,2023-12-26 01:07:37.831000
TYPE 2,901,전사업공통비,702,택배사업본부,606,택배사업,424,택배창고공통,158,서울남부택배창고,158,서울남부택배창고,158,서울남부택배창고,2910,epark,2023-12-19 14:11:49.103000,2023-12-26 01:07:37.831000,2023-12-26 01:07:37.831000
TYPE 2,901,전사업공통비,702,택배사업본부,606,택배사업,422,B2C공통,306,터미널간선공통,155,B2C터미널,155,B2C터미널,2800,epark,2023-12-19 14:11:49.047000,2023-12-26 01:07:37.831000,2023-12-26 01:07:37.831000
TYPE 2,901,전사업공통비,701,물류사업본부,507,해운사업공통,440,사선공통,414,철제품선공통,132,한진3005호,132,한진3005호,2460,epark,2023-12-19 14:11:48.885000,2023-12-26 01:07:37.831000,2023-12-26 01:07:37.831000
TYPE 1,901,전사업공통비,702,택배사업본부,606,택배사업,422,택배사업,422,B2C공통,198,냉동/냉장 화물,198,냉동/냉장 화물,1080,epark,2023-12-19 14:11:47.280000,2023-12-26 01:07:37.831000,2023-12-26 01:07:37.831000
TYPE 1,901,전사업공통비,701,물류사업본부,601,육운사업,401,일반화물운송공통,303,일반화물운송,303,일반화물운송,303,일반화물운송,50,epark,2023-12-19 14:11:46.055000,2023-12-26 01:07:37.831000,2023-12-26 01:07:37.831000
TYPE 2,901,전사업공통비,701,물류사업본부,508,터미널공통,509,터미널육운공통,406,내륙CD공통,406,내륙CD공통,406,내륙CD공통,2300,epark,2023-12-19 14:11:48.770000,2023-12-26 01:07:37.831000,2023-12-26 01:07:37.831000
TYPE 2,901,전사업공통비,701,물류사업본부,507,해운사업공통,440,사선공통,412,건화물선공통,129,적/대봉호,129,적/대봉호,2410,epark,2023-12-19 14:11:48.861000,2023-12-26 01:07:37.831000,2023-12-26 01:07:37.831000
TYPE 1,901,전사업공통비,703,글로벌사업본부,608,이커머스사업,430,국제특송공통,174,특송수입,174,특송수입,174,특송수입,1430,epark,2023-12-19 14:11:47.611000,2023-12-26 01:07:37.831000,2023-12-26 01:07:37.831000
TYPE 2,901,전사업공통비,702,택배사업본부,606,택배사업,423,택배비네트워크사업공통,423,택배비네트워크사업공통,423,택배비네트워크사업공통,423,택배비네트워크사업공통,2880,epark,2023-12-19 14:11:49.087000,2023-12-26 01:07:37.831000,2023-12-26 01:07:37.831000
TYPE 2,901,전사업공통비,702,택배사업본부,606,택배사업,423,택배비네트워크사업공통,157,택배비네트워크,157,택배비네트워크,157,택배비네트워크,2890,epark,2023-12-19 14:11:49.095000,2023-12-26 01:07:37.831000,2023-12-26 01:07:37.831000
TYPE 2,901,전사업공통비,703,글로벌사업본부,608,이커머스사업,430,국제특송공통,195,항공특송수입,195,항공특송수입,195,항공특송수입,3190,epark,2023-12-19 14:11:49.277000,2023-12-26 01:07:37.831000,2023-12-26 01:07:37.831000
TYPE 2,901,전사업공통비,701,물류사업본부,605,E&S사업,436,에너지사업공통,437,충전사업공통,437,충전사업공통,437,충전사업공통,2690,epark,2023-12-19 14:11:48.980000,2023-12-26 01:07:37.831000,2023-12-26 01:07:37.831000
TYPE 2,901,전사업공통비,702,택배사업본부,606,택배사업,424,택배창고공통,424,택배창고공통,424,택배창고공통,424,택배창고공통,2900,epark,2023-12-19 14:11:49.100000,2023-12-26 01:07:37.831000,2023-12-26 01:07:37.831000
TYPE 2,901,전사업공통비,704,본사직할,698,기타부대사업,498,신사업개발,188,역직구유통몰사업,188,역직구유통몰사업,188,역직구유통몰사업,3410,epark,2023-12-19 14:11:49.488000,2023-12-26 01:07:37.831000,2023-12-26 01:07:37.831000
TYPE 2,901,전사업공통비,701,물류사업본부,501,P&D공통,503,P&D하역공통,308,항만법인경영지원공통,187,항만법인경영지원,187,항만법인경영지원,2000,epark,2023-12-19 14:11:48.558000,2023-12-26 01:07:37.831000,2023-12-26 01:07:37.831000
TYPE 1,901,전사업공통비,704,본사직할,698,기타부대사업,498,신사업개발,189,IT서비스구축,189,IT서비스구축,189,IT서비스구축,1670,epark,2023-12-19 14:11:48.024000,2023-12-26 01:07:37.831000,2023-12-26 01:07:37.831000
TYPE 1,901,전사업공통비,701,물류사업본부,603,해운사업,440,사선공통,415,중량물선공통,136,한진파이오니어호,136,한진파이오니어호,600,epark,2023-12-19 14:11:46.866000,2023-12-26 01:07:37.831000,2023-12-26 01:07:37.831000
TYPE 2,901,전사업공통비,701,물류사업본부,507,해운사업공통,440,사선공통,414,철제품선공통,133,한진3006호,133,한진3006호,2470,epark,2023-12-19 14:11:48.892000,2023-12-26 01:07:37.831000,2023-12-26 01:07:37.831000
TYPE 2,901,전사업공통비,702,택배사업본부,606,택배사업,424,택배창고공통,161,남부산택배창고,161,남부산택배창고,161,남부산택배창고,2940,epark,2023-12-19 14:11:49.122000,2023-12-26 01:07:37.831000,2023-12-26 01:07:37.831000
TYPE 1,901,전사업공통비,703,글로벌사업본부,608,이커머스사업,430,국제특송공통,196,해상특송수입,196,해상특송수입,196,해상특송수입,1450,epark,2023-12-19 14:11:47.634000,2023-12-26 01:07:37.831000,2023-12-26 01:07:37.831000
TYPE 1,901,전사업공통비,701,물류사업본부,601,육운사업,401,일반화물운송공통,104,철제품하치장,104,철제품하치장,104,철제품하치장,90,epark,2023-12-19 14:11:46.090000,2023-12-26 01:07:37.831000,2023-12-26 01:07:37.831000
TYPE 1,901,전사업공통비,703,글로벌사업본부,607,포워딩사업,427,해상포워딩공통,166,해상포워딩수출,166,해상포워딩수출,166,해상포워딩수출,1310,epark,2023-12-19 14:11:47.445000,2023-12-26 01:07:37.831000,2023-12-26 01:07:37.831000
TYPE 2,901,전사업공통비,703,글로벌사업본부,609,해외사업,433,해외항공포워딩공통,182,해외GSA,182,해외GSA,182,해외GSA,3320,epark,2023-12-19 14:11:49.377000,2023-12-26 01:07:37.831000,2023-12-26 01:07:37.831000
TYPE 2,901,전사업공통비,701,물류사업본부,501,P&D공통,503,P&D하역공통,409,일반화물하역공통,304,일반화물하역,120,일반화물하역(위탁),1910,epark,2023-12-19 14:11:48.417000,2023-12-26 01:07:37.831000,2023-12-26 01:07:37.831000
TYPE 2,901,전사업공통비,701,물류사업본부,501,P&D공통,502,P&D육운공통,401,일반화물운송공통,104,철제품하치장,104,철제품하치장,1810,epark,2023-12-19 14:11:48.199000,2023-12-26 01:07:37.831000,2023-12-26 01:07:37.831000
TYPE 2,901,전사업공통비,701,물류사업본부,501,P&D공통,408,외부정비공통,408,외부정비공통,408,외부정비공통,408,외부정비공통,2010,epark,2023-12-19 14:11:48.559000,2023-12-26 01:07:37.831000,2023-12-26 01:07:37.831000
TYPE 1,901,전사업공통비,702,택배사업본부,606,택배사업,422,택배사업,422,B2C공통,200,취급점택배,200,취급점택배,1090,epark,2023-12-19 14:11:47.304000,2023-12-26 01:07:37.831000,2023-12-26 01:07:37.831000
TYPE 2,901,전사업공통비,704,본사직할,704,본사직할,704,본사직할,704,본사직할,704,본사직할,704,본사직할,3380,epark,2023-12-19 14:11:49.454000,2023-12-26 01:07:37.831000,2023-12-26 01:07:37.831000
TYPE 1,901,전사업공통비,702,택배사업본부,606,택배사업,424,택배창고공통,193,군포택배창고,193,군포택배창고,193,군포택배창고,1220,epark,2023-12-19 14:11:47.383000,2023-12-26 01:07:37.831000,2023-12-26 01:07:37.831000
TYPE 1,901,전사업공통비,701,물류사업본부,602,하역사업,409,일반화물하역공통,123,양곡하역,123,양곡하역,123,양곡하역,370,epark,2023-12-19 14:11:46.586000,2023-12-26 01:07:37.831000,2023-12-26 01:07:37.831000
TYPE 2,901,전사업공통비,701,물류사업본부,508,터미널공통,509,터미널육운공통,405,철도운송공통,113,철도운송,113,철도운송,2270,epark,2023-12-19 14:11:48.755000,2023-12-26 01:07:37.831000,2023-12-26 01:07:37.831000
TYPE 1,901,전사업공통비,701,물류사업본부,701,물류사업본부,701,물류사업본부,701,물류사업본부,701,물류사업본부,701,물류사업본부,20,epark,2023-12-19 14:11:46.029000,2023-12-26 01:07:37.831000,2023-12-26 01:07:37.831000
TYPE 2,901,전사업공통비,701,물류사업본부,605,E&S사업,436,에너지사업공통,438,발전사업공통,192,태양광발전,192,태양광발전,2720,epark,2023-12-19 14:11:48.995000,2023-12-26 01:07:37.831000,2023-12-26 01:07:37.831000
TYPE 1,901,전사업공통비,701,물류사업본부,601,육운사업,401,일반화물운송공통,103,미군유류운송,103,미군유류운송,103,미군유류운송,80,epark,2023-12-19 14:11:46.078000,2023-12-26 01:07:37.831000,2023-12-26 01:07:37.831000
TYPE 2,901,전사업공통비,702,택배사업본부,606,택배사업,422,B2C공통,306,터미널간선공통,306,터미널간선공통,306,터미널간선공통,2790,epark,2023-12-19 14:11:49.040000,2023-12-26 01:07:37.831000,2023-12-26 01:07:37.831000
TYPE 1,901,전사업공통비,702,택배사업본부,606,택배사업,422,택배사업,422,B2C공통,201,골프택배,201,골프택배,1100,epark,2023-12-19 14:11:47.321000,2023-12-26 01:07:37.831000,2023-12-26 01:07:37.831000
TYPE 2,901,전사업공통비,701,물류사업본부,501,P&D공통,502,P&D육운공통,401,일반화물운송공통,303,일반화물운송,102,일반화물운송(용차),1790,epark,2023-12-19 14:11:48.170000,2023-12-26 01:07:37.831000,2023-12-26 01:07:37.831000
TYPE 2,901,전사업공통비,701,물류사업본부,501,P&D공통,502,P&D육운공통,401,일반화물운송공통,103,미군유류운송,103,미군유류운송,1800,epark,2023-12-19 14:11:48.181000,2023-12-26 01:07:37.831000,2023-12-26 01:07:37.831000
TYPE 2,901,전사업공통비,703,글로벌사업본부,607,포워딩사업,427,해상포워딩공통,166,해상포워딩수출,166,해상포워딩수출,166,해상포워딩수출,3060,epark,2023-12-19 14:11:49.196000,2023-12-26 01:07:37.831000,2023-12-26 01:07:37.831000
TYPE 1,901,전사업공통비,703,글로벌사업본부,607,포워딩사업,429,포워딩3PL공통,172,육상운송,172,육상운송,172,육상운송,1390,epark,2023-12-19 14:11:47.516000,2023-12-26 01:07:37.831000,2023-12-26 01:07:37.831000
TYPE 2,901,전사업공통비,702,택배사업본부,702,택배사업본부,702,택배사업본부,702,택배사업본부,702,택배사업본부,702,택배사업본부,2730,epark,2023-12-19 14:11:48.996000,2023-12-26 01:07:37.831000,2023-12-26 01:07:37.831000
TYPE 2,901,전사업공통비,701,물류사업본부,504,W&D공통,505,W&D육운공통,403,유통운송공통,403,유통운송공통,403,유통운송공통,2050,epark,2023-12-19 14:11:48.579000,2023-12-26 01:07:37.831000,2023-12-26 01:07:37.831000
TYPE 1,901,전사업공통비,701,물류사업본부,602,하역사업,308,항만법인경영지원공통,308,항만법인경영지원공통,308,항만법인경영지원공통,308,항만법인경영지원공통,450,epark,2023-12-19 14:11:46.604000,2023-12-26 01:07:37.831000,2023-12-26 01:07:37.831000
TYPE 2,901,전사업공통비,701,물류사업본부,504,W&D공통,505,W&D육운공통,505,W&D육운공통,505,W&D육운공통,505,W&D육운공통,2040,epark,2023-12-19 14:11:48.575000,2023-12-26 01:07:37.831000,2023-12-26 01:07:37.831000
TYPE 1,901,전사업공통비,702,택배사업본부,606,택배사업,422,B2C공통,305,집배송공통,305,집배송공통,305,집배송공통,1010,epark,2023-12-19 14:11:47.178000,2023-12-26 01:07:37.831000,2023-12-26 01:07:37.831000
TYPE 1,901,전사업공통비,703,글로벌사업본부,607,포워딩사업,427,해상포워딩공통,427,해상포워딩공통,427,해상포워딩공통,427,해상포워딩공통,1300,epark,2023-12-19 14:11:47.441000,2023-12-26 01:07:37.831000,2023-12-26 01:07:37.831000
TYPE 2,901,전사업공통비,703,글로벌사업본부,607,포워딩사업,427,해상포워딩공통,167,해상포워딩수입,167,해상포워딩수입,167,해상포워딩수입,3070,epark,2023-12-19 14:11:49.198000,2023-12-26 01:07:37.831000,2023-12-26 01:07:37.831000
TYPE 2,901,전사업공통비,701,물류사업본부,508,터미널공통,508,터미널공통,508,터미널공통,508,터미널공통,508,터미널공통,2210,epark,2023-12-19 14:11:48.734000,2023-12-26 01:07:37.831000,2023-12-26 01:07:37.831000
TYPE 2,901,전사업공통비,702,택배사업본부,606,택배사업,422,B2C공통,422,B2C공통,197,일반택배,197,일반택배,2820,epark,2023-12-19 14:11:49.055000,2023-12-26 01:07:37.831000,2023-12-26 01:07:37.831000
TYPE 1,901,전사업공통비,703,글로벌사업본부,608,이커머스사업,430,국제특송공통,173,특송수출,173,특송수출,173,특송수출,1420,epark,2023-12-19 14:11:47.588000,2023-12-26 01:07:37.831000,2023-12-26 01:07:37.831000
TYPE 1,901,전사업공통비,701,물류사업본부,611,해운에너지사업,611,해운에너지사업,611,해운에너지사업,611,해운에너지사업,611,해운에너지사업,930,epark,2023-12-19 14:11:47.125000,2023-12-26 01:07:37.831000,2023-12-26 01:07:37.831000
TYPE 1,901,전사업공통비,701,물류사업본부,602,하역사업,409,일반화물하역공통,122,원료하역,122,원료하역,122,원료하역,360,epark,2023-12-19 14:11:46.582000,2023-12-26 01:07:37.831000,2023-12-26 01:07:37.831000
TYPE 2,901,전사업공통비,701,물류사업본부,501,P&D공통,501,P&D공통,501,P&D공통,501,P&D공통,501,P&D공통,1740,epark,2023-12-19 14:11:48.062000,2023-12-26 01:07:37.831000,2023-12-26 01:07:37.831000
TYPE 1,901,전사업공통비,701,물류사업본부,602,하역사업,411,터미널운영공통,411,터미널운영공통,411,터미널운영공통,411,터미널운영공통,410,epark,2023-12-19 14:11:46.596000,2023-12-26 01:07:37.831000,2023-12-26 01:07:37.831000
TYPE 1,901,전사업공통비,701,물류사업본부,601,육운사업,404,철제품운송공통,404,철제품운송공통,404,철제품운송공통,404,철제품운송공통,170,epark,2023-12-19 14:11:46.291000,2023-12-26 01:07:37.831000,2023-12-26 01:07:37.831000
TYPE 1,901,전사업공통비,701,물류사업본부,601,육운사업,301,육운사업 자차 공통,301,육운사업 자차 공통,301,육운사업 자차 공통,301,육운사업 자차 공통,280,epark,2023-12-19 14:11:46.473000,2023-12-26 01:07:37.831000,2023-12-26 01:07:37.831000
TYPE 1,901,전사업공통비,701,물류사업본부,602,하역사업,409,일반화물하역공통,304,일반화물하역,304,일반화물하역,304,일반화물하역,320,epark,2023-12-19 14:11:46.527000,2023-12-26 01:07:37.831000,2023-12-26 01:07:37.831000
TYPE 1,901,전사업공통비,701,물류사업본부,601,육운사업,402,컨테이너운송공통,402,컨테이너운송공통,402,컨테이너운송공통,402,컨테이너운송공통,100,epark,2023-12-19 14:11:46.106000,2023-12-26 01:07:37.831000,2023-12-26 01:07:37.831000
TYPE 1,901,전사업공통비,703,글로벌사업본부,607,포워딩사업,429,포워딩3PL공통,171,포장이주,171,포장이주,171,포장이주,1380,epark,2023-12-19 14:11:47.492000,2023-12-26 01:07:37.831000,2023-12-26 01:07:37.831000
TYPE 1,901,전사업공통비,701,물류사업본부,601,육운사업,402,컨테이너운송공통,106,컨테이너운송(자차),106,컨테이너운송(자차),106,컨테이너운송(자차),110,epark,2023-12-19 14:11:46.125000,2023-12-26 01:07:37.831000,2023-12-26 01:07:37.831000
TYPE 2,901,전사업공통비,703,글로벌사업본부,608,이커머스사업,608,이커머스사업,608,이커머스사업,608,이커머스사업,608,이커머스사업,3150,epark,2023-12-19 14:11:49.235000,2023-12-26 01:07:37.831000,2023-12-26 01:07:37.831000
TYPE 1,901,전사업공통비,701,물류사업본부,602,하역사업,409,일반화물하역공통,409,일반화물하역공통,409,일반화물하역공통,409,일반화물하역공통,310,epark,2023-12-19 14:11:46.510000,2023-12-26 01:07:37.831000,2023-12-26 01:07:37.831000
TYPE 1,901,전사업공통비,901,전사업공통비,901,전사업공통비,901,전사업공통비,901,전사업공통비,901,전사업공통비,901,전사업공통비,10,epark,2023-12-19 14:11:45.942000,2023-12-26 01:07:37.831000,2023-12-26 01:07:37.831000
TYPE 1,901,전사업공통비,701,물류사업본부,605,E&S사업,436,에너지사업공통,438,발전사업공통,192,태양광발전,192,태양광발전,920,epark,2023-12-19 14:11:47.123000,2023-12-26 01:07:37.831000,2023-12-26 01:07:37.831000
TYPE 2,901,전사업공통비,701,물류사업본부,504,W&D공통,504,W&D공통,504,W&D공통,504,W&D공통,504,W&D공통,2030,epark,2023-12-19 14:11:48.571000,2023-12-26 01:07:37.831000,2023-12-26 01:07:37.831000
TYPE 1,901,전사업공통비,702,택배사업본부,606,택배사업,425,3PL공통,425,3PL공통,425,3PL공통,425,3PL공통,1240,epark,2023-12-19 14:11:47.395000,2023-12-26 01:07:37.831000,2023-12-26 01:07:37.831000
TYPE 2,901,전사업공통비,901,전사업공통비,901,전사업공통비,901,전사업공통비,901,전사업공통비,901,전사업공통비,901,전사업공통비,1720,epark,2023-12-19 14:11:48.043000,2023-12-26 01:07:37.831000,2023-12-26 01:07:37.831000
TYPE 2,901,전사업공통비,704,본사직할,698,기타부대사업,498,신사업개발,189,IT서비스구축,189,IT서비스구축,189,IT서비스구축,3420,epark,2023-12-19 14:11:49.502000,2023-12-26 01:07:37.831000,2023-12-26 01:07:37.831000
TYPE 1,901,전사업공통비,701,물류사업본부,602,하역사업,410,자동차하역공통,410,자동차하역공통,410,자동차하역공통,410,자동차하역공통,380,epark,2023-12-19 14:11:46.590000,2023-12-26 01:07:37.831000,2023-12-26 01:07:37.831000
TYPE 1,901,전사업공통비,701,물류사업본부,602,하역사업,410,자동차하역공통,125,자동차하역(위탁),125,자동차하역(위탁),125,자동차하역(위탁),400,epark,2023-12-19 14:11:46.593000,2023-12-26 01:07:37.831000,2023-12-26 01:07:37.831000
TYPE 1,901,전사업공통비,703,글로벌사업본부,608,이커머스사업,608,이커머스사업,608,이커머스사업,608,이커머스사업,608,이커머스사업,1400,epark,2023-12-19 14:11:47.557000,2023-12-26 01:07:37.831000,2023-12-26 01:07:37.831000
TYPE 1,901,전사업공통비,701,물류사업본부,604,창고사업,417,자가창고공통,144,인천물류센터,144,인천물류센터,144,인천물류센터,730,epark,2023-12-19 14:11:46.995000,2023-12-26 01:07:37.831000,2023-12-26 01:07:37.831000
TYPE 1,901,전사업공통비,702,택배사업본부,606,택배사업,422,B2C공통,305,집배송공통,153,B2C집하,153,B2C집하,1020,epark,2023-12-19 14:11:47.186000,2023-12-26 01:07:37.831000,2023-12-26 01:07:37.831000
TYPE 1,901,전사업공통비,701,물류사업본부,610,정비사업,610,정비사업,610,정비사업,610,정비사업,610,정비사업,950,epark,2023-12-19 14:11:47.129000,2023-12-26 01:07:37.831000,2023-12-26 01:07:37.831000
TYPE 2,901,전사업공통비,701,물류사업본부,605,E&S사업,435,유류사업공통,420,대리점사업공통,151,대리점사업,151,대리점사업,2650,epark,2023-12-19 14:11:48.966000,2023-12-26 01:07:37.831000,2023-12-26 01:07:37.831000
TYPE 1,901,전사업공통비,701,물류사업본부,603,해운사업,416,용선공통,416,용선공통,416,용선공통,416,용선공통,620,epark,2023-12-19 14:11:46.870000,2023-12-26 01:07:37.831000,2023-12-26 01:07:37.831000
TYPE 1,901,전사업공통비,701,물류사업본부,603,해운사업,440,사선공통,413,방폐물선공통,131,한진청정누리호,131,한진청정누리호,530,epark,2023-12-19 14:11:46.717000,2023-12-26 01:07:37.831000,2023-12-26 01:07:37.831000
TYPE 1,901,전사업공통비,703,글로벌사업본부,609,해외사업,433,해외항공포워딩공통,182,해외GSA,182,해외GSA,182,해외GSA,1570,epark,2023-12-19 14:11:47.895000,2023-12-26 01:07:37.831000,2023-12-26 01:07:37.831000
TYPE 1,901,전사업공통비,701,물류사업본부,601,육운사업,403,유통운송공통,109,신세계,109,신세계,109,신세계,150,epark,2023-12-19 14:11:46.242000,2023-12-26 01:07:37.831000,2023-12-26 01:07:37.831000
TYPE 1,901,전사업공통비,703,글로벌사업본부,608,이커머스사업,430,국제특송공통,195,항공특송수입,195,항공특송수입,195,항공특송수입,1440,epark,2023-12-19 14:11:47.627000,2023-12-26 01:07:37.831000,2023-12-26 01:07:37.831000
TYPE 1,901,전사업공통비,703,글로벌사업본부,609,해외사업,432,해외해상포워딩공통,179,해외해상수입,179,해외해상수입,179,해외해상수입,1530,epark,2023-12-19 14:11:47.810000,2023-12-26 01:07:37.831000,2023-12-26 01:07:37.831000
TYPE 1,901,전사업공통비,701,물류사업본부,602,하역사업,409,일반화물하역공통,304,일반화물하역,119,일반화물하역(자가),119,일반화물하역(자가),330,epark,2023-12-19 14:11:46.545000,2023-12-26 01:07:37.831000,2023-12-26 01:07:37.831000
TYPE 2,901,전사업공통비,701,물류사업본부,501,P&D공통,503,P&D하역공통,409,일반화물하역공통,123,양곡하역,123,양곡하역,1940,epark,2023-12-19 14:11:48.490000,2023-12-26 01:07:37.831000,2023-12-26 01:07:37.831000
TYPE 2,901,전사업공통비,701,물류사업본부,501,P&D공통,503,P&D하역공통,409,일반화물하역공통,409,일반화물하역공통,409,일반화물하역공통,1880,epark,2023-12-19 14:11:48.337000,2023-12-26 01:07:37.831000,2023-12-26 01:07:37.831000
TYPE 1,901,전사업공통비,702,택배사업본부,606,택배사업,423,택배비네트워크사업공통,423,택배비네트워크사업공통,423,택배비네트워크사업공통,423,택배비네트워크사업공통,1130,epark,2023-12-19 14:11:47.345000,2023-12-26 01:07:37.831000,2023-12-26 01:07:37.831000
TYPE 1,901,전사업공통비,701,물류사업본부,601,육운사업,403,유통운송공통,110,유통운송,110,유통운송,110,유통운송,160,epark,2023-12-19 14:11:46.271000,2023-12-26 01:07:37.831000,2023-12-26 01:07:37.831000
TYPE 2,901,전사업공통비,701,물류사업본부,508,터미널공통,510,터미널하역공통,510,터미널하역공통,510,터미널하역공통,510,터미널하역공통,2340,epark,2023-12-19 14:11:48.792000,2023-12-26 01:07:37.831000,2023-12-26 01:07:37.831000
TYPE 2,901,전사업공통비,701,물류사업본부,508,터미널공통,509,터미널육운공통,402,컨테이너운송공통,402,컨테이너운송공통,402,컨테이너운송공통,2230,epark,2023-12-19 14:11:48.739000,2023-12-26 01:07:37.831000,2023-12-26 01:07:37.831000
TYPE 2,901,전사업공통비,701,물류사업본부,504,W&D공통,506,W&D창고공통,417,자가창고공통,141,인천저온창고,141,인천저온창고,2110,epark,2023-12-19 14:11:48.616000,2023-12-26 01:07:37.831000,2023-12-26 01:07:37.831000
TYPE 1,901,전사업공통비,704,본사직할,704,본사직할,704,본사직할,704,본사직할,704,본사직할,704,본사직할,1630,epark,2023-12-19 14:11:47.991000,2023-12-26 01:07:37.831000,2023-12-26 01:07:37.831000
TYPE 1,901,전사업공통비,703,글로벌사업본부,607,포워딩사업,428,항공포워딩공통,170,국내GSA,170,국내GSA,170,국내GSA,1360,epark,2023-12-19 14:11:47.469000,2023-12-26 01:07:37.831000,2023-12-26 01:07:37.831000
TYPE 1,901,전사업공통비,703,글로벌사업본부,703,글로벌사업본부,703,글로벌사업본부,703,글로벌사업본부,703,글로벌사업본부,703,글로벌사업본부,1280,epark,2023-12-19 14:11:47.430000,2023-12-26 01:07:37.831000,2023-12-26 01:07:37.831000
TYPE 2,901,전사업공통비,701,물류사업본부,508,터미널공통,509,터미널육운공통,402,컨테이너운송공통,106,컨테이너운송(자차),106,컨테이너운송(자차),2240,epark,2023-12-19 14:11:48.744000,2023-12-26 01:07:37.831000,2023-12-26 01:07:37.831000
TYPE 1,901,전사업공통비,702,택배사업본부,606,택배사업,423,택배비네트워크사업공통,157,택배비네트워크,157,택배비네트워크,157,택배비네트워크,1140,epark,2023-12-19 14:11:47.346000,2023-12-26 01:07:37.831000,2023-12-26 01:07:37.831000
TYPE 1,901,전사업공통비,701,물류사업본부,605,E&S사업,435,유류사업공통,420,대리점사업공통,420,대리점사업공통,420,대리점사업공통,840,epark,2023-12-19 14:11:47.069000,2023-12-26 01:07:37.831000,2023-12-26 01:07:37.831000
TYPE 2,901,전사업공통비,701,물류사업본부,507,해운사업공통,416,용선공통,416,용선공통,139,외항용선,139,외항용선,2550,epark,2023-12-19 14:11:48.932000,2023-12-26 01:07:37.831000,2023-12-26 01:07:37.831000
TYPE 1,901,전사업공통비,702,택배사업본부,606,택배사업,422,B2C공통,306,터미널간선공통,156,B2C간선,156,B2C간선,1060,epark,2023-12-19 14:11:47.237000,2023-12-26 01:07:37.831000,2023-12-26 01:07:37.831000
TYPE 2,901,전사업공통비,701,물류사업본부,508,터미널공통,509,터미널육운공통,509,터미널육운공통,509,터미널육운공통,509,터미널육운공통,2220,epark,2023-12-19 14:11:48.738000,2023-12-26 01:07:37.831000,2023-12-26 01:07:37.831000
TYPE 1,901,전사업공통비,701,물류사업본부,605,E&S사업,436,에너지사업공통,438,발전사업공통,438,발전사업공통,438,발전사업공통,910,epark,2023-12-19 14:11:47.119000,2023-12-26 01:07:37.831000,2023-12-26 01:07:37.831000
TYPE 1,901,전사업공통비,702,택배사업본부,606,택배사업,424,택배창고공통,158,서울남부택배창고,158,서울남부택배창고,158,서울남부택배창고,1160,epark,2023-12-19 14:11:47.353000,2023-12-26 01:07:37.831000,2023-12-26 01:07:37.831000
TYPE 1,901,전사업공통비,701,물류사업본부,604,창고사업,418,임대창고공통,149,서울복합물류,149,서울복합물류,149,서울복합물류,790,epark,2023-12-19 14:11:47.044000,2023-12-26 01:07:37.831000,2023-12-26 01:07:37.831000
TYPE 2,901,전사업공통비,701,물류사업본부,605,E&S사업,435,유류사업공통,420,대리점사업공통,420,대리점사업공통,420,대리점사업공통,2640,epark,2023-12-19 14:11:48.963000,2023-12-26 01:07:37.831000,2023-12-26 01:07:37.831000
TYPE 1,901,전사업공통비,701,물류사업본부,602,하역사업,411,터미널운영공통,126,PCTC,126,PCTC,126,PCTC,420,epark,2023-12-19 14:11:46.599000,2023-12-26 01:07:37.831000,2023-12-26 01:07:37.831000
TYPE 1,901,전사업공통비,701,물류사업본부,601,육운사업,406,내륙CD공통,114,부곡CY,114,부곡CY,114,부곡CY,230,epark,2023-12-19 14:11:46.386000,2023-12-26 01:07:37.831000,2023-12-26 01:07:37.831000
TYPE 1,901,전사업공통비,701,물류사업본부,601,육운사업,406,내륙CD공통,116,양산CY,116,양산CY,116,양산CY,250,epark,2023-12-19 14:11:46.410000,2023-12-26 01:07:37.831000,2023-12-26 01:07:37.831000
TYPE 1,901,전사업공통비,701,물류사업본부,602,하역사업,410,자동차하역공통,124,자동차하역(자가),124,자동차하역(자가),124,자동차하역(자가),390,epark,2023-12-19 14:11:46.592000,2023-12-26 01:07:37.831000,2023-12-26 01:07:37.831000
TYPE 2,901,전사업공통비,701,물류사업본부,504,W&D공통,506,W&D창고공통,418,임대창고공통,149,서울복합물류,149,서울복합물류,2200,epark,2023-12-19 14:11:48.728000,2023-12-26 01:07:37.831000,2023-12-26 01:07:37.831000
TYPE 2,901,전사업공통비,701,물류사업본부,501,P&D공통,502,P&D육운공통,302,육운사업 용차 공통,302,육운사업 용차 공통,302,육운사업 용차 공통,1860,epark,2023-12-19 14:11:48.295000,2023-12-26 01:07:37.831000,2023-12-26 01:07:37.831000
TYPE 1,901,전사업공통비,701,물류사업본부,605,E&S사업,605,E&S사업,605,E&S사업,605,E&S사업,605,E&S사업,800,epark,2023-12-19 14:11:47.051000,2023-12-26 01:07:37.831000,2023-12-26 01:07:37.831000
TYPE 2,901,전사업공통비,702,택배사업본부,606,택배사업,424,택배창고공통,193,군포택배창고,193,군포택배창고,193,군포택배창고,2960,epark,2023-12-19 14:11:49.131000,2023-12-26 01:07:37.831000,2023-12-26 01:07:37.831000
TYPE 2,901,전사업공통비,704,본사직할,699,렌터카사업,499,렌터카공통,199,렌터카사업,199,렌터카사업,199,렌터카사업,3460,epark,2023-12-19 14:11:49.594000,2023-12-26 01:07:37.831000,2023-12-26 01:07:37.831000
TYPE 2,901,전사업공통비,704,본사직할,698,기타부대사업,698,기타부대사업,698,기타부대사업,698,기타부대사업,698,기타부대사업,3390,epark,2023-12-19 14:11:49.465000,2023-12-26 01:07:37.831000,2023-12-26 01:07:37.831000
TYPE 1,901,전사업공통비,701,물류사업본부,604,창고사업,417,자가창고공통,145,셀라리움,145,셀라리움,145,셀라리움,740,epark,2023-12-19 14:11:47.005000,2023-12-26 01:07:37.831000,2023-12-26 01:07:37.831000
TYPE 1,901,전사업공통비,701,물류사업본부,602,하역사업,602,하역사업,602,하역사업,602,하역사업,602,하역사업,300,epark,2023-12-19 14:11:46.497000,2023-12-26 01:07:37.831000,2023-12-26 01:07:37.831000
TYPE 2,901,전사업공통비,701,물류사업본부,501,P&D공통,503,P&D하역공통,410,자동차하역공통,410,자동차하역공통,410,자동차하역공통,1960,epark,2023-12-19 14:11:48.527000,2023-12-26 01:07:37.831000,2023-12-26 01:07:37.831000
TYPE 2,901,전사업공통비,701,물류사업본부,501,P&D공통,502,P&D육운공통,401,일반화물운송공통,401,일반화물운송공통,401,일반화물운송공통,1760,epark,2023-12-19 14:11:48.081000,2023-12-26 01:07:37.831000,2023-12-26 01:07:37.831000
TYPE 2,901,전사업공통비,703,글로벌사업본부,608,이커머스사업,431,이하넥스공통,176,배송대행,176,배송대행,176,배송대행,3230,epark,2023-12-19 14:11:49.317000,2023-12-26 01:07:37.831000,2023-12-26 01:07:37.831000
TYPE 2,901,전사업공통비,704,본사직할,699,렌터카사업,699,렌터카사업,699,렌터카사업,699,렌터카사업,699,렌터카사업,3440,epark,2023-12-19 14:11:49.548000,2023-12-26 01:07:37.831000,2023-12-26 01:07:37.831000
TYPE 2,901,전사업공통비,703,글로벌사업본부,607,포워딩사업,428,항공포워딩공통,170,국내GSA,170,국내GSA,170,국내GSA,3110,epark,2023-12-19 14:11:49.206000,2023-12-26 01:07:37.831000,2023-12-26 01:07:37.831000
TYPE 2,901,전사업공통비,701,물류사업본부,605,E&S사업,435,유류사업공통,421,유류판매부대사업공통,152,유류판매부대사업,152,유류판매부대사업,2670,epark,2023-12-19 14:11:48.972000,2023-12-26 01:07:37.831000,2023-12-26 01:07:37.831000
TYPE 1,901,전사업공통비,701,물류사업본부,602,하역사업,409,일반화물하역공통,304,일반화물하역,120,일반화물하역(위탁),120,일반화물하역(위탁),340,epark,2023-12-19 14:11:46.557000,2023-12-26 01:07:37.831000,2023-12-26 01:07:37.831000
TYPE 1,901,전사업공통비,702,택배사업본부,606,택배사업,606,택배사업,606,택배사업,606,택배사업,606,택배사업,990,epark,2023-12-19 14:11:47.149000,2023-12-26 01:07:37.831000,2023-12-26 01:07:37.831000
TYPE 2,901,전사업공통비,703,글로벌사업본부,608,이커머스사업,430,국제특송공통,196,해상특송수입,196,해상특송수입,196,해상특송수입,3200,epark,2023-12-19 14:11:49.284000,2023-12-26 01:07:37.831000,2023-12-26 01:07:37.831000
TYPE 2,901,전사업공통비,703,글로벌사업본부,609,해외사업,432,해외해상포워딩공통,178,해외해상수출,178,해외해상수출,178,해외해상수출,3270,epark,2023-12-19 14:11:49.354000,2023-12-26 01:07:37.831000,2023-12-26 01:07:37.831000
TYPE 2,901,전사업공통비,701,물류사업본부,605,E&S사업,605,E&S사업,605,E&S사업,605,E&S사업,605,E&S사업,2600,epark,2023-12-19 14:11:48.950000,2023-12-26 01:07:37.831000,2023-12-26 01:07:37.831000
TYPE 2,901,전사업공통비,702,택배사업본부,606,택배사업,422,B2C공통,306,터미널간선공통,156,B2C간선,156,B2C간선,2810,epark,2023-12-19 14:11:49.052000,2023-12-26 01:07:37.831000,2023-12-26 01:07:37.831000
TYPE 2,901,전사업공통비,703,글로벌사업본부,609,해외사업,434,해외3PL공통,184,해외조업,184,해외조업,184,해외조업,3350,epark,2023-12-19 14:11:49.407000,2023-12-26 01:07:37.831000,2023-12-26 01:07:37.831000
TYPE 2,901,전사업공통비,701,물류사업본부,507,해운사업공통,440,사선공통,413,방폐물선공통,131,한진청정누리호,131,한진청정누리호,2440,epark,2023-12-19 14:11:48.873000,2023-12-26 01:07:37.831000,2023-12-26 01:07:37.831000
TYPE 2,901,전사업공통비,702,택배사업본부,606,택배사업,422,B2C공통,422,B2C공통,202,공항택배,202,공항택배,2860,epark,2023-12-19 14:11:49.075000,2023-12-26 01:07:37.831000,2023-12-26 01:07:37.831000
TYPE 2,901,전사업공통비,701,물류사업본부,605,E&S사업,435,유류사업공통,435,유류사업공통,435,유류사업공통,435,유류사업공통,2610,epark,2023-12-19 14:11:48.953000,2023-12-26 01:07:37.831000,2023-12-26 01:07:37.831000
TYPE 1,901,전사업공통비,701,물류사업본부,603,해운사업,307,중량물운송공통,307,중량물운송공통,307,중량물운송공통,307,중량물운송공통,660,epark,2023-12-19 14:11:46.883000,2023-12-26 01:07:37.831000,2023-12-26 01:07:37.831000
TYPE 1,901,전사업공통비,701,물류사업본부,604,창고사업,418,임대창고공통,146,부곡창고,146,부곡창고,146,부곡창고,770,epark,2023-12-19 14:11:47.033000,2023-12-26 01:07:37.831000,2023-12-26 01:07:37.831000
TYPE 1,901,전사업공통비,701,물류사업본부,601,육운사업,405,철도운송공통,113,철도운송,113,철도운송,113,철도운송,210,epark,2023-12-19 14:11:46.356000,2023-12-26 01:07:37.831000,2023-12-26 01:07:37.831000
TYPE 1,901,전사업공통비,703,글로벌사업본부,607,포워딩사업,428,항공포워딩공통,168,항공포워딩수출,168,항공포워딩수출,168,항공포워딩수출,1340,epark,2023-12-19 14:11:47.458000,2023-12-26 01:07:37.831000,2023-12-26 01:07:37.831000
TYPE 2,901,전사업공통비,701,물류사업본부,504,W&D공통,506,W&D창고공통,417,자가창고공통,145,셀라리움,145,셀라리움,2150,epark,2023-12-19 14:11:48.664000,2023-12-26 01:07:37.831000,2023-12-26 01:07:37.831000
TYPE 1,901,전사업공통비,701,물류사업본부,603,해운사업,440,사선공통,414,철제품선공통,134,한진3007호,134,한진3007호,570,epark,2023-12-19 14:11:46.814000,2023-12-26 01:07:37.831000,2023-12-26 01:07:37.831000
TYPE 2,901,전사업공통비,702,택배사업본부,606,택배사업,425,3PL공통,164,택배3PL,164,택배3PL,164,택배3PL,3000,epark,2023-12-19 14:11:49.155000,2023-12-26 01:07:37.831000,2023-12-26 01:07:37.831000
TYPE 1,901,전사업공통비,703,글로벌사업본부,609,해외사업,433,해외항공포워딩공통,180,해외항공수출,180,해외항공수출,180,해외항공수출,1550,epark,2023-12-19 14:11:47.852000,2023-12-26 01:07:37.831000,2023-12-26 01:07:37.831000
TYPE 2,901,전사업공통비,701,물류사업본부,501,P&D공통,503,P&D하역공통,409,일반화물하역공통,122,원료하역,122,원료하역,1930,epark,2023-12-19 14:11:48.466000,2023-12-26 01:07:37.831000,2023-12-26 01:07:37.831000
TYPE 1,901,전사업공통비,701,물류사업본부,603,해운사업,440,사선공통,414,철제품선공통,135,한진3008호,135,한진3008호,580,epark,2023-12-19 14:11:46.835000,2023-12-26 01:07:37.831000,2023-12-26 01:07:37.831000
TYPE 1,901,전사업공통비,702,택배사업본부,606,택배사업,422,B2C공통,306,터미널간선공통,155,B2C터미널,155,B2C터미널,1050,epark,2023-12-19 14:11:47.224000,2023-12-26 01:07:37.831000,2023-12-26 01:07:37.831000
TYPE 1,901,전사업공통비,701,물류사업본부,604,창고사업,417,자가창고공통,142,시흥창고,142,시흥창고,142,시흥창고,710,epark,2023-12-19 14:11:46.956000,2023-12-26 01:07:37.831000,2023-12-26 01:07:37.831000
TYPE 2,901,전사업공통비,701,물류사업본부,507,해운사업공통,440,사선공통,414,철제품선공통,134,한진3007호,134,한진3007호,2480,epark,2023-12-19 14:11:48.895000,2023-12-26 01:07:37.831000,2023-12-26 01:07:37.831000
TYPE 1,901,전사업공통비,701,물류사업본부,601,육운사업,405,철도운송공통,405,철도운송공통,405,철도운송공통,405,철도운송공통,200,epark,2023-12-19 14:11:46.347000,2023-12-26 01:07:37.831000,2023-12-26 01:07:37.831000
TYPE 2,901,전사업공통비,703,글로벌사업본부,607,포워딩사업,428,항공포워딩공통,428,항공포워딩공통,428,항공포워딩공통,428,항공포워딩공통,3080,epark,2023-12-19 14:11:49.199000,2023-12-26 01:07:37.831000,2023-12-26 01:07:37.831000
TYPE 1,901,전사업공통비,703,글로벌사업본부,607,포워딩사업,607,포워딩사업,607,포워딩사업,607,포워딩사업,607,포워딩사업,1290,epark,2023-12-19 14:11:47.433000,2023-12-26 01:07:37.831000,2023-12-26 01:07:37.831000
TYPE 2,901,전사업공통비,701,물류사업본부,501,P&D공통,502,P&D육운공통,301,육운사업 자차 공통,301,육운사업 자차 공통,301,육운사업 자차 공통,1850,epark,2023-12-19 14:11:48.273000,2023-12-26 01:07:37.831000,2023-12-26 01:07:37.831000
TYPE 1,901,전사업공통비,702,택배사업본부,606,택배사업,425,3PL공통,164,택배3PL,164,택배3PL,164,택배3PL,1250,epark,2023-12-19 14:11:47.404000,2023-12-26 01:07:37.831000,2023-12-26 01:07:37.831000
TYPE 2,901,전사업공통비,703,글로벌사업본부,608,이커머스사업,430,국제특송공통,174,특송수입,174,특송수입,174,특송수입,3180,epark,2023-12-19 14:11:49.269000,2023-12-26 01:07:37.831000,2023-12-26 01:07:37.831000
TYPE 2,901,전사업공통비,701,물류사업본부,508,터미널공통,509,터미널육운공통,402,컨테이너운송공통,107,컨테이너운송(용차),107,컨테이너운송(용차),2250,epark,2023-12-19 14:11:48.745000,2023-12-26 01:07:37.831000,2023-12-26 01:07:37.831000
TYPE 2,901,전사업공통비,701,물류사업본부,508,터미널공통,509,터미널육운공통,406,내륙CD공통,115,부곡CFS,115,부곡CFS,2320,epark,2023-12-19 14:11:48.781000,2023-12-26 01:07:37.831000,2023-12-26 01:07:37.831000
TYPE 2,901,전사업공통비,701,물류사업본부,508,터미널공통,509,터미널육운공통,406,내륙CD공통,114,부곡CY,114,부곡CY,2310,epark,2023-12-19 14:11:48.775000,2023-12-26 01:07:37.831000,2023-12-26 01:07:37.831000
TYPE 2,901,전사업공통비,703,글로벌사업본부,607,포워딩사업,428,항공포워딩공통,168,항공포워딩수출,168,항공포워딩수출,168,항공포워딩수출,3090,epark,2023-12-19 14:11:49.200000,2023-12-26 01:07:37.831000,2023-12-26 01:07:37.831000
TYPE 2,901,전사업공통비,702,택배사업본부,606,택배사업,425,3PL공통,425,3PL공통,425,3PL공통,425,3PL공통,2990,epark,2023-12-19 14:11:49.149000,2023-12-26 01:07:37.831000,2023-12-26 01:07:37.831000
TYPE 2,901,전사업공통비,703,글로벌사업본부,609,해외사업,432,해외해상포워딩공통,432,해외해상포워딩공통,432,해외해상포워딩공통,432,해외해상포워딩공통,3260,epark,2023-12-19 14:11:49.345000,2023-12-26 01:07:37.831000,2023-12-26 01:07:37.831000
TYPE 2,901,전사업공통비,702,택배사업본부,606,택배사업,424,택배창고공통,159,일산택배창고,159,일산택배창고,159,일산택배창고,2920,epark,2023-12-19 14:11:49.108000,2023-12-26 01:07:37.831000,2023-12-26 01:07:37.831000
TYPE 2,901,전사업공통비,702,택배사업본부,606,택배사업,424,택배창고공통,163,서울복합창고,163,서울복합창고,163,서울복합창고,2980,epark,2023-12-19 14:11:49.142000,2023-12-26 01:07:37.831000,2023-12-26 01:07:37.831000
TYPE 1,901,전사업공통비,703,글로벌사업본부,609,해외사업,609,해외사업,609,해외사업,609,해외사업,609,해외사업,1500,epark,2023-12-19 14:11:47.746000,2023-12-26 01:07:37.831000,2023-12-26 01:07:37.831000
TYPE 2,901,전사업공통비,703,글로벌사업본부,608,이커머스사업,431,이하넥스공통,177,구매대행,177,구매대행,177,구매대행,3240,epark,2023-12-19 14:11:49.325000,2023-12-26 01:07:37.831000,2023-12-26 01:07:37.831000
TYPE 2,901,전사업공통비,701,물류사업본부,504,W&D공통,505,W&D육운공통,403,유통운송공통,109,신세계,109,신세계,2070,epark,2023-12-19 14:11:48.597000,2023-12-26 01:07:37.831000,2023-12-26 01:07:37.831000
TYPE 1,901,전사업공통비,704,본사직할,699,렌터카사업,499,렌터카공통,499,렌터카공통,499,렌터카공통,499,렌터카공통,1700,epark,2023-12-19 14:11:48.039000,2023-12-26 01:07:37.831000,2023-12-26 01:07:37.831000
TYPE 1,901,전사업공통비,701,물류사업본부,601,육운사업,402,컨테이너운송공통,107,컨테이너운송(용차),107,컨테이너운송(용차),107,컨테이너운송(용차),120,epark,2023-12-19 14:11:46.139000,2023-12-26 01:07:37.831000,2023-12-26 01:07:37.831000
TYPE 2,901,전사업공통비,701,물류사업본부,507,해운사업공통,416,용선공통,416,용선공통,416,용선공통,416,용선공통,2530,epark,2023-12-19 14:11:48.924000,2023-12-26 01:07:37.831000,2023-12-26 01:07:37.831000
TYPE 2,901,전사업공통비,701,물류사업본부,501,P&D공통,502,P&D육운공통,502,P&D육운공통,502,P&D육운공통,502,P&D육운공통,1750,epark,2023-12-19 14:11:48.066000,2023-12-26 01:07:37.831000,2023-12-26 01:07:37.831000
TYPE 1,901,전사업공통비,701,물류사업본부,603,해운사업,440,사선공통,415,중량물선공통,137,한진리더호,137,한진리더호,610,epark,2023-12-19 14:11:46.868000,2023-12-26 01:07:37.831000,2023-12-26 01:07:37.831000
TYPE 1,901,전사업공통비,702,택배사업본부,606,택배사업,424,택배창고공통,162,동부산택배창고,162,동부산택배창고,162,동부산택배창고,1190,epark,2023-12-19 14:11:47.364000,2023-12-26 01:07:37.831000,2023-12-26 01:07:37.831000
TYPE 1,901,전사업공통비,701,물류사업본부,605,E&S사업,435,유류사업공통,419,주유소사업공통,419,주유소사업공통,419,주유소사업공통,820,epark,2023-12-19 14:11:47.058000,2023-12-26 01:07:37.831000,2023-12-26 01:07:37.831000
TYPE 2,901,전사업공통비,701,물류사업본부,504,W&D공통,506,W&D창고공통,418,임대창고공통,146,부곡창고,146,부곡창고,2180,epark,2023-12-19 14:11:48.703000,2023-12-26 01:07:37.831000,2023-12-26 01:07:37.831000
TYPE 2,901,전사업공통비,702,택배사업본부,606,택배사업,426,B2B공통,165,B2B,165,B2B,165,B2B,3020,epark,2023-12-19 14:11:49.170000,2023-12-26 01:07:37.831000,2023-12-26 01:07:37.831000
TYPE 1,901,전사업공통비,701,물류사업본부,602,하역사업,411,터미널운영공통,128,터미널경영위탁,128,터미널경영위탁,128,터미널경영위탁,440,epark,2023-12-19 14:11:46.602000,2023-12-26 01:07:37.831000,2023-12-26 01:07:37.831000
TYPE 2,901,전사업공통비,701,물류사업본부,701,물류사업본부,701,물류사업본부,701,물류사업본부,701,물류사업본부,701,물류사업본부,1730,epark,2023-12-19 14:11:48.055000,2023-12-26 01:07:37.831000,2023-12-26 01:07:37.831000
TYPE 2,901,전사업공통비,703,글로벌사업본부,608,이커머스사업,431,이하넥스공통,431,이하넥스공통,431,이하넥스공통,431,이하넥스공통,3220,epark,2023-12-19 14:11:49.309000,2023-12-26 01:07:37.831000,2023-12-26 01:07:37.831000
TYPE 1,901,전사업공통비,703,글로벌사업본부,609,해외사업,434,해외3PL공통,434,해외3PL공통,434,해외3PL공통,434,해외3PL공통,1580,epark,2023-12-19 14:11:47.921000,2023-12-26 01:07:37.831000,2023-12-26 01:07:37.831000
TYPE 1,901,전사업공통비,701,물류사업본부,601,육운사업,404,철제품운송공통,111,철제품운송(자차),111,철제품운송(자차),111,철제품운송(자차),180,epark,2023-12-19 14:11:46.317000,2023-12-26 01:07:37.831000,2023-12-26 01:07:37.831000
TYPE 1,901,전사업공통비,703,글로벌사업본부,609,해외사업,434,해외3PL공통,185,해외육상운송,185,해외육상운송,185,해외육상운송,1610,epark,2023-12-19 14:11:47.968000,2023-12-26 01:07:37.831000,2023-12-26 01:07:37.831000
TYPE 1,901,전사업공통비,702,택배사업본부,606,택배사업,424,택배창고공통,159,일산택배창고,159,일산택배창고,159,일산택배창고,1170,epark,2023-12-19 14:11:47.358000,2023-12-26 01:07:37.831000,2023-12-26 01:07:37.831000
TYPE 1,901,전사업공통비,701,물류사업본부,603,해운사업,440,사선공통,412,건화물선공통,129,적/대봉호,129,적/대봉호,500,epark,2023-12-19 14:11:46.632000,2023-12-26 01:07:37.831000,2023-12-26 01:07:37.831000
TYPE 1,901,전사업공통비,701,물류사업본부,603,해운사업,416,용선공통,416,용선공통,140,선박관리,140,선박관리,650,epark,2023-12-19 14:11:46.881000,2023-12-26 01:07:37.831000,2023-12-26 01:07:37.831000
TYPE 2,901,전사업공통비,701,물류사업본부,501,P&D공통,503,P&D하역공통,409,일반화물하역공통,127,PICT,127,PICT,1950,epark,2023-12-19 14:11:48.506000,2023-12-26 01:07:37.831000,2023-12-26 01:07:37.831000
TYPE 1,901,전사업공통비,701,물류사업본부,601,육운사업,403,유통운송공통,403,유통운송공통,403,유통운송공통,403,유통운송공통,130,epark,2023-12-19 14:11:46.172000,2023-12-26 01:07:37.831000,2023-12-26 01:07:37.831000
TYPE 1,901,전사업공통비,701,물류사업본부,601,육운사업,407,화물운송부대공통,407,화물운송부대공통,407,화물운송부대공통,407,화물운송부대공통,260,epark,2023-12-19 14:11:46.434000,2023-12-26 01:07:37.831000,2023-12-26 01:07:37.831000
TYPE 2,901,전사업공통비,703,글로벌사업본부,609,해외사업,433,해외항공포워딩공통,433,해외항공포워딩공통,433,해외항공포워딩공통,433,해외항공포워딩공통,3290,epark,2023-12-19 14:11:49.366000,2023-12-26 01:07:37.831000,2023-12-26 01:07:37.831000
TYPE 1,901,전사업공통비,702,택배사업본부,606,택배사업,422,택배사업,422,B2C공통,203,VIG(귀중품)택배,203,VIG(귀중품)택배,1120,epark,2023-12-19 14:11:47.341000,2023-12-26 01:07:37.831000,2023-12-26 01:07:37.831000
TYPE 2,901,전사업공통비,703,글로벌사업본부,609,해외사업,609,해외사업,609,해외사업,609,해외사업,609,해외사업,3250,epark,2023-12-19 14:11:49.336000,2023-12-26 01:07:37.831000,2023-12-26 01:07:37.831000
TYPE 2,901,전사업공통비,703,글로벌사업본부,609,해외사업,434,해외3PL공통,185,해외육상운송,185,해외육상운송,185,해외육상운송,3360,epark,2023-12-19 14:11:49.420000,2023-12-26 01:07:37.831000,2023-12-26 01:07:37.831000
TYPE 2,901,전사업공통비,701,물류사업본부,504,W&D공통,506,W&D창고공통,417,자가창고공통,147,양산창고,147,양산창고,2160,epark,2023-12-19 14:11:48.681000,2023-12-26 01:07:37.831000,2023-12-26 01:07:37.831000
TYPE 1,901,전사업공통비,703,글로벌사업본부,608,이커머스사업,431,이하넥스공통,431,이하넥스공통,431,이하넥스공통,431,이하넥스공통,1470,epark,2023-12-19 14:11:47.677000,2023-12-26 01:07:37.831000,2023-12-26 01:07:37.831000
TYPE 1,901,전사업공통비,701,물류사업본부,602,하역사업,411,터미널운영공통,127,PICT,127,PICT,127,PICT,430,epark,2023-12-19 14:11:46.601000,2023-12-26 01:07:37.831000,2023-12-26 01:07:37.831000
TYPE 1,901,전사업공통비,702,택배사업본부,606,택배사업,422,B2C공통,422,B2C공통,422,B2C공통,422,B2C공통,1000,epark,2023-12-19 14:11:47.162000,2023-12-26 01:07:37.831000,2023-12-26 01:07:37.831000
TYPE 2,901,전사업공통비,701,물류사업본부,508,터미널공통,509,터미널육운공통,405,철도운송공통,405,철도운송공통,405,철도운송공통,2260,epark,2023-12-19 14:11:48.749000,2023-12-26 01:07:37.831000,2023-12-26 01:07:37.831000
TYPE 1,901,전사업공통비,704,본사직할,698,기타부대사업,498,신사업개발,188,역직구유통몰사업,188,역직구유통몰사업,188,역직구유통몰사업,1660,epark,2023-12-19 14:11:48.019000,2023-12-26 01:07:37.831000,2023-12-26 01:07:37.831000
TYPE 1,901,전사업공통비,701,물류사업본부,611,해운에너지사업,439,해상공통,439,해상공통,439,해상공통,439,해상공통,940,epark,2023-12-19 14:11:47.127000,2023-12-26 01:07:37.831000,2023-12-26 01:07:37.831000
TYPE 2,901,전사업공통비,703,글로벌사업본부,703,글로벌사업본부,703,글로벌사업본부,703,글로벌사업본부,703,글로벌사업본부,703,글로벌사업본부,3030,epark,2023-12-19 14:11:49.180000,2023-12-26 01:07:37.831000,2023-12-26 01:07:37.831000
TYPE 1,901,전사업공통비,701,물류사업본부,610,정비사업,408,외부정비공통,408,외부정비공통,408,외부정비공통,408,외부정비공통,960,epark,2023-12-19 14:11:47.136000,2023-12-26 01:07:37.831000,2023-12-26 01:07:37.831000
TYPE 2,901,전사업공통비,701,물류사업본부,507,해운사업공통,439,해상공통,439,해상공통,439,해상공통,439,해상공통,2590,epark,2023-12-19 14:11:48.946000,2023-12-26 01:07:37.831000,2023-12-26 01:07:37.831000
TYPE 2,901,전사업공통비,703,글로벌사업본부,609,해외사업,432,해외해상포워딩공통,179,해외해상수입,179,해외해상수입,179,해외해상수입,3280,epark,2023-12-19 14:11:49.361000,2023-12-26 01:07:37.831000,2023-12-26 01:07:37.831000
TYPE 2,901,전사업공통비,701,물류사업본부,605,E&S사업,436,에너지사업공통,438,발전사업공통,438,발전사업공통,438,발전사업공통,2710,epark,2023-12-19 14:11:48.992000,2023-12-26 01:07:37.831000,2023-12-26 01:07:37.831000
TYPE 2,901,전사업공통비,701,물류사업본부,508,터미널공통,509,터미널육운공통,407,화물운송부대공통,407,화물운송부대,117,화물운송부대,2290,epark,2023-12-19 14:11:48.767000,2023-12-26 01:07:37.831000,2023-12-26 01:07:37.831000
TYPE 2,901,전사업공통비,703,글로벌사업본부,609,해외사업,433,해외항공포워딩공통,180,해외항공수출,180,해외항공수출,180,해외항공수출,3300,epark,2023-12-19 14:11:49.368000,2023-12-26 01:07:37.831000,2023-12-26 01:07:37.831000
TYPE 1,901,전사업공통비,701,물류사업본부,601,육운사업,406,내륙CD공통,115,부곡CFS,115,부곡CFS,115,부곡CFS,240,epark,2023-12-19 14:11:46.390000,2023-12-26 01:07:37.831000,2023-12-26 01:07:37.831000
TYPE 2,901,전사업공통비,701,물류사업본부,501,P&D공통,502,P&D육운공통,404,철제품운송공통,111,철제품운송(자차),111,철제품운송(자차),1830,epark,2023-12-19 14:11:48.245000,2023-12-26 01:07:37.831000,2023-12-26 01:07:37.831000
TYPE 2,901,전사업공통비,702,택배사업본부,606,택배사업,606,택배사업,606,택배사업,606,택배사업,606,택배사업,2740,epark,2023-12-19 14:11:48.998000,2023-12-26 01:07:37.831000,2023-12-26 01:07:37.831000
TYPE 1,901,전사업공통비,701,물류사업본부,604,창고사업,417,자가창고공통,417,자가창고공통,417,자가창고공통,417,자가창고공통,690,epark,2023-12-19 14:11:46.911000,2023-12-26 01:07:37.831000,2023-12-26 01:07:37.831000
TYPE 2,901,전사업공통비,704,본사직할,699,렌터카사업,499,렌터카공통,499,렌터카공통,499,렌터카공통,499,렌터카공통,3450,epark,2023-12-19 14:11:49.566000,2023-12-26 01:07:37.831000,2023-12-26 01:07:37.831000
TYPE 1,901,전사업공통비,701,물류사업본부,603,해운사업,440,사선공통,440,사선공통,440,사선공통,440,사선공통,480,epark,2023-12-19 14:11:46.612000,2023-12-26 01:07:37.831000,2023-12-26 01:07:37.831000
TYPE 2,901,전사업공통비,703,글로벌사업본부,607,포워딩사업,429,포워딩3PL공통,429,포워딩3PL공통,429,포워딩3PL공통,429,포워딩3PL공통,3120,epark,2023-12-19 14:11:49.210000,2023-12-26 01:07:37.831000,2023-12-26 01:07:37.831000
TYPE 2,901,전사업공통비,703,글로벌사업본부,609,해외사업,434,해외3PL공통,186,해외법인경영지원,186,해외법인경영지원,186,해외법인경영지원,3370,epark,2023-12-19 14:11:49.438000,2023-12-26 01:07:37.831000,2023-12-26 01:07:37.831000
TYPE 2,901,전사업공통비,701,물류사업본부,605,E&S사업,435,유류사업공통,419,주유소사업공통,150,주유소사업,150,주유소사업,2630,epark,2023-12-19 14:11:48.961000,2023-12-26 01:07:37.831000,2023-12-26 01:07:37.831000
TYPE 2,901,전사업공통비,701,물류사업본부,605,E&S사업,435,유류사업공통,419,주유소사업공통,419,주유소사업공통,419,주유소사업공통,2620,epark,2023-12-19 14:11:48.957000,2023-12-26 01:07:37.831000,2023-12-26 01:07:37.831000
TYPE 2,901,전사업공통비,704,본사직할,698,기타부대사업,498,신사업개발,498,신사업개발,498,신사업개발,498,신사업개발,3400,epark,2023-12-19 14:11:49.474000,2023-12-26 01:07:37.831000,2023-12-26 01:07:37.831000
TYPE 1,901,전사업공통비,701,물류사업본부,604,창고사업,417,자가창고공통,141,인천저온창고,141,인천저온창고,141,인천저온창고,700,epark,2023-12-19 14:11:46.936000,2023-12-26 01:07:37.831000,2023-12-26 01:07:37.831000
