수입점소코드,센터코드,점소명,소재지주소,전화번호,부가세신고점소코드,사업자번호,관할세무서명,점소구분,등록일자,수정일자,처리자사번,최종변경일시,ETL일시
1385,111073,법무팀,118번지,02-728-5720,1179,2018102823,중부,1,20070103,20210628,9620306,31:14.8,31:14.8
1614,,수도권동부지부,(04532) 서울시 중구 남대문로 63 신관 11층,02-728-5625,1179,2018102823,중부,2,20231102,,1710203,31:14.8,31:14.8
1602,111051,영업관리팀,(04532) 서울 중구 남대문로 63  신관 16층,02-728-5621,1179,2018102823,중부,1,20230330,,1820044,31:14.8,31:14.8
1546,,미주구주팀,본관 5층,02-728-5619,1179,2018102823,중부,1,20220711,,1820044,31:14.8,31:14.8
1524,112113,시화센터,(449-865) 경기 용인시 처인구 백암면 백암로 837-4,031-638-1188,1515,2018102823,중부,2,20141223,20210628,9620306,31:14.8,31:14.8
1521,111163,3PL그룹(포워딩),(153-010) 서울 금천구 두산로 333-1,02-2193-1182,1179,2018102823,중부,2,20141223,20150113,9620306,31:14.8,31:14.8
1603,111051,집배점지원팀,(04532) 서울 중구 남대문로 63  신관 16층,02-728-5619,1179,2018102823,중부,1,20230412,,1820044,31:14.8,31:14.8
1217,111192,보관유통그룹,118번지,02-728-5639,1179,2018102823,중부,3,19890101,20050902,0620174,31:14.8,31:14.8
1181,118131,서울여객지점,9층,02-535-3722,1179,2018102823,중부,2,19890101,20050902,0310435,31:14.8,31:14.8
1195,118123,신촌택배센터,132번지 한일빌딩1층,02-773-4091,1179,2018102823,중부,2,19960901,20101026,0310435,31:14.8,31:14.8
1429,112163,용인택배지점,171-1,031-712-1212,1179,2018102823,중부,2,20100111,20191007,1510821,31:14.8,31:14.8
1457,114111,중부대전화물터미널,1111,042-540-0218,1170,3068503601,동대전,2,20170317,,0711830,31:14.8,31:14.8
1211,118141,항공팀,41-3 대한항공B/D 7층,02-310-6501,1211,1058511018,남대문,2,19890101,20210628,9620306,31:14.8,31:14.8
1414,115113,포항구도일주유영업소,285,054-281-3226,1414,5068521572,포항,2,20090225,20210628,9620306,31:14.8,31:14.8
1178,118161,강서택배지점,429번지,02-666-8666,1179,2018102823,중부,2,19960801,20200402,1510821,31:14.8,31:14.8
1155,121111,미주물류지점,118번지,02-728-5606,1179,2018102823,중부,2,19960801,20110616,0710743,31:14.8,31:14.8
1549,,해외택배사업개발팀,신관11층,02-728-5270,1179,2018102823,중부,1,20221205,,1820044,31:14.8,31:14.8
1375,112161,서울동부지점,171-1,031-712-1212,1453,2018102823,중부,2,20070103,20231011,1710203,31:14.8,31:14.8
1502,111051,사업팀,(153-010) 서울 금천구 두산로 333-1,02-2193-1233,1179,2018102823,금천,2,20141223,,1012465,31:14.8,31:14.8
1137,113111,경인지점,34-1번지,032-887-1210,1137,1218501088,인천,2,19890101,20210401,1410124,31:14.8,31:14.8
1186,118111,서울하역,41번지 3,02-751-7356,1137,1218501088,인천,2,19960701,20070216,0310435,31:14.8,31:14.8
1522,112112,여주센터,(446-904) 경기 용인시 기흥구 보라동 465-3 (주)아신서울물류센터3층,031-797-9133,1515,2018102823,중부,2,20141223,20210628,9620306,31:14.8,31:14.8
1550,,내부회계관리팀,신관11층,02-728-5619,1179,2018102823,중부,1,20230105,,1820044,31:14.8,31:14.8
1425,117111,광양정기화물센터,273-80,062-955-4609,1150,4108518140,서광주,2,20091228,20201215,1410124,31:14.8,31:14.8
1205,116211,양산택배지점(구),1416,051-371-2700,1163,6188500055,수영,2,19990501,20210125,1410124,31:14.8,31:14.8
1477,111817,P&amp;D영업2팀,신관 20층,02-728-5609,1179,2018102823,중부,3,20200619,20230113,1820044,31:14.8,31:14.8
1352,111122,콘테이너영업그룹,118,02-728-5773,1179,2018102823,중부,3,20040331,20050902,0620174,31:14.8,31:14.8
1494,,에너지사업팀,신관 16층 유류사업부,02-728-5808,1179,2018102823,중부,3,20211012,20230113,1820044,31:14.8,31:14.8
1488,,마케팅팀,한진빌딩,02-728-5541,1179,2018102823,중부,1,20210621,,1410124,31:14.8,31:14.8
1129,117122,동광양버스영업장,1653번지 7,061-792-5403,1179,2018102823,중부,2,19940311,20041119,0620174,31:14.8,31:14.8
1138,113131,인천버스영업장,35번지,032-887-1210,1179,2018102823,중부,2,19900630,,0620174,31:14.8,31:14.8
1173,111341,원주택배지점,1059-4,033-764-8394,1173,2248509768,원주,2,19931201,20180314,0711830,31:14.8,31:14.8
1404,116161,울산지점중량물운영팀,553번지6,054-289-5554,1202,6108507641,울산,2,20080317,20210628,9620306,31:14.8,31:14.8
1209,111011,감사실,118번지,02-728-5639,1179,2018102823,중부,1,19890101,20210628,9620306,31:14.8,31:14.8
1455,118162,이하넥스상품개발팀,51번지,02-728-5639,1179,2018102823,중부,3,20161122,20200826,1820044,31:14.8,31:14.8
1161,116141,부산국제지점,89번지 14,051-265-7360,1163,6188500055,수영,2,19970801,20160203,1210473,31:14.8,31:14.8
1358,111142,렌터카팀,9층,02-535-5044,1179,2018102823,중부,2,20050420,20230504,2310162,31:14.8,31:14.8
1485,,글로벌기획팀,51,02-728-5639,1179,2018102823,중부,3,20210127,20210628,9620306,31:14.8,31:14.8
1143,114142,군산지점,64번지 3,063-468-4962,1179,2018102823,중부,2,19981201,,0620174,31:14.8,31:14.8
1403,114142,전북지점,Mar-64,063-468-4960,1403,4018513398,군산,2,20080317,20210401,1410124,31:14.8,31:14.8
1472,111129,1533,한진빌딩 20층,02-728-5766,1179,2018102823,중부,3,20200103,,1710203,31:14.8,31:14.8
1365,118163,일산택배지점,621-16,031-9079-9686,1179,2018102823,중부,2,20070103,20180312,1410124,31:14.8,31:14.8
1390,111151,창고사업팀,118번지,02-728-5720,1179,2018102823,중부,3,20070103,20070216,0620174,31:14.8,31:14.8
1450,118164,김포공항주유영업소,423-2,02-6430-1476,1450,1098539717,중부,2,20121116,20130206,9620306,31:14.8,31:14.8
1427,112111,원주정기화물센터,1059-4,033-764-8394,1173,2248509768,원주,2,20091228,20110308,0611015,31:14.8,31:14.8
1168,115124,구미버스영업소,265번지,054-453-0663,1179,2018102823,중부,2,19890101,20050902,0620174,31:14.8,31:14.8
1552,,포워딩운영팀,(04532) 서울 중구 남대문로 63  신관11층,02-310-6505,1179,2018102823,중부,1,20230112,,1820044,31:14.8,31:14.8
1169,116172,마산버스영업소,975번지 5,055-256-3666,1179,2018102823,중부,2,19900630,20050902,0620174,31:14.8,31:14.8
1527,111166,광주DC,(464-880) 경기 광주시 도척면 도척로 376-74(2호동 제1호),02-2193-1234,1527,2018102823,이천,2,20141223,20210628,9620306,31:14.8,31:14.8
1498,,이커머스운영1그룹,본관 5층,02-728-5639,1179,2018102823,중부,1,20220223,20230113,1820044,31:14.8,31:14.8
1426,116111,부산정기화물센터,856-1,051-740-3014,1163,6188500055,수영,2,20091228,20201215,1410124,31:14.8,31:14.8
1342,117111,중부호남지역본부,1653번지 7,061-792-5403,1153,4168502118,순천,2,20011201,20210628,9620306,31:14.8,31:14.8
1541,,경영개선팀,신관11층,02-728-5720,1179,2018102823,중부,1,20220621,,1820044,31:14.8,31:14.8
1540,,K-패션해외진출지원그룹,신관 11층,02-728-5720,1179,2018102823,중부,1,20220608,20230418,1820044,31:14.8,31:14.8
1135,117121,해남TML,1653번지 7,062-362-7828,1179,2018102823,중부,2,19960901,20030529,9305391,31:14.8,31:14.8
1127,112121,동두천일반창고,367번지 1,031-859-1413,1127,1278521078,의정부,2,19970601,,9508203,31:14.8,31:14.8
1563,,본사부,(04532) 서울 중구 남대문로 63 신관11층,02-728-5619,1179,2018102823,중부,1,20230120,,1820044,31:14.8,31:14.8
1194,111331,속초영업장,970번지 47,033-636-3417,1173,2248509768,원주,2,19991018,20070216,0620174,31:14.8,31:14.8
1420,111215,프놈펜지점,118,02-728-5914,1179,2018102823,중부,2,20091130,20121005,9620306,31:14.8,31:14.8
1380,117121,광주지점,273-80,062-955-4605,1150,4108518140,서광주,2,20070103,20231020,1710203,31:14.8,31:14.8
1431,116164,울산택배지점,313,052-272-7277,1202,6108507641,울산,2,20100111,20180312,1410124,31:14.8,31:14.8
1164,116191,북부산버스영업소,133번지,051-505-5105,1179,2018102823,중부,2,19900630,20120308,0310435,31:14.8,31:14.8
1608,111051,LMD그룹,(04532) 서울 중구 남대문로 63 신관 11층,02-728-5619,1179,2018102823,중부,1,20230419,,1820044,31:14.8,31:14.8
1496,111111,항만물류팀,신관 11층,02-728-5600,1179,2018102823,중부,3,20220111,,1820044,31:14.8,31:14.8
1501,111051,관리팀,(153-010) 서울 금천구 두산로 333-1,02-2193-1233,1179,2018102823,금천,2,20141223,,1012465,31:14.8,31:14.8
1448,112164,도곡주유영업소,도곡동,02-6430-1478,1448,2208536787,중부,2,20120214,20201215,1410124,31:14.8,31:14.8
1544,,시설팀,신관 11층,02-728-5720,1179,2018102823,중부,1,20220628,20220630,1710203,31:14.8,31:14.8
1402,112142,중부지점,576-4,031-606-7152,1159,1258506504,평택,2,20080317,20210401,1410124,31:14.8,31:14.8
1604,111051,이커머스사업팀,(04532) 서울시 중구 남대문로 63 신관 11층,02-728-5619,1179,2018102823,중부,1,20230414,,1820044,31:14.8,31:14.8
1465,111148,영업관리팀,1111,02-728-5952,1179,2018102823,중부,3,20180319,20230330,1820044,31:14.8,31:14.8
1151,117122,광주버스영업소,602번지 124,062-955-4609,1179,2018102823,중부,2,19900630,20050902,0620174,31:14.8,31:14.8
1511,111188,3PL운영팀(DC),(153-010) 서울 금천구 두산로 333-1,02-2193-1233,1179,2018102823,중부,2,20141223,20150206,1112230,31:14.8,31:14.8
1470,111995,증평IC주유영업소,연탄리 360-1,02-6430-1451,1470,3068503601,동대전,2,20191230,20210123,1410124,31:14.8,31:14.8
1146,115111,영남지점,553번지 6,054-289-5554,1146,5068500602,포항,2,19890101,20210401,1410124,31:14.8,31:14.8
1519,115128,대구센터,(704-948) 대구 달서구 호산동 706-8,053-607-5036,1519,2018102823,서대구,2,20141223,20210628,9620306,31:14.8,31:14.8
1378,111341,강원지점,1059-4번지,033-766-8391,1173,2248509768,원주,2,20070103,20231011,1710203,31:14.8,31:14.8
1609,111051,정보보안팀,(04532) 서울 중구 남대문로 63  신관 11층,02-728-5860,1179,2018102823,중부,1,20230613,,1710203,31:14.8,31:14.8
1120,114143,전주버스임대,705번지 5,063-275-0625,1120,4188502657,북전주,2,19890101,,0620174,31:14.8,31:14.8
1377,118241,서울북부지점,302-8,031-763-8201,1377,1268532946,이천,2,20070103,20110210,0710743,31:14.8,31:14.8
1480,118143,포워딩영업팀,51,02-728-5901,1480,1058511018,남대문,2,20210105,20220223,1820044,31:14.8,31:14.8
1371,114171,세종지점,176,043-238-1003,1115,3018520658,청주,2,20070103,20170710,9620306,31:14.8,31:14.8
1454,113122,신보령물류센터,(33410) 충청남도 보령시 주교면 송도길 201,041-906-2006,1159,1258506504,평택,2,20151001,20231108,1710203,31:14.8,31:14.8
1481,,포워딩운영1팀,51,02-728-5600,1481,1058511018,남대문,2,20210105,20230113,1820044,31:14.8,31:14.8
1510,111189,B2B센터,(153-010) 서울 금천구 두산로 333-1,02-2193-1233,1179,2018102823,중부,2,20141223,20210119,9620306,31:14.8,31:14.8
1391,111161,포장이주(본사사업자),118번지,02-728-5720,1179,2018102823,중부,2,20070103,20210628,9620306,31:14.8,31:14.8
1114,111138,춘천택배지점,862번지 1,033-244-4152,1173,2248509768,원주,2,19990501,20190905,1510821,31:14.8,31:14.8
1551,,당일택배그룹,(04532) 서울 중구 남대문로 63  신관11층,02-728-5619,1179,2018102823,중부,1,20230111,20230113,2211532,31:14.8,31:14.8
1111,115126,안동택배지점,21번지,054-856-4204,1197,5038506757,서대구,2,19960901,20180327,0711830,31:14.8,31:14.8
1504,111051,재무관리그룹,(153-010) 서울 금천구 두산로 333-1,02-2193-1233,1179,2018102823,중부,2,20141223,20150113,9620306,31:14.8,31:14.8
1408,114132,대전대정주유영업소,301-1,042-540-0215,1408,3068503601,동대전,2,20081105,20200916,1820044,31:14.8,31:14.8
1600,,당일택배그룹,(04532) 서울 중구 남대문로 63  신관11층,02-728-5619,1179,2018102823,중부,1,20230203,,9620306,31:14.8,31:14.8
1396,113151,평택물류센터(하역작업용),451-5,031-666-7152,1179,2018102823,중부,2,20070103,20200525,1410124,31:14.8,31:14.8
1374,118121,서울남부지점(유통택배팀),371-23,02-3282-8121,1179,2018102823,중부,2,20070103,20141106,0310435,31:14.8,31:14.8
1533,,미래전략팀,신관 11층,02-728-5720,1179,2018102823,중부,1,20220330,,1820044,31:14.8,31:14.8
1459,111202,농협SCM팀,(100-770) 서울시 중구 남대문로 2가 118 한진빌딩 신관 9층,02-728-5744,1179,2018102823,중부,3,20170904,20210628,9620306,31:14.8,31:14.8
1113,112121,군포택배지점,451번지,031-461-2715,1113,1238527901,안양,2,19970301,20180312,1410124,31:14.8,31:14.8
1346,121114,시카고영업소,118번지,02-728-5606,1179,2018102823,중부,3,20011201,,0620174,31:14.8,31:14.8
1386,111046,인력개발팀,118번지,02-728-5720,1179,2018102823,중부,1,20070103,20210628,9620306,31:14.8,31:14.8
1612,,남양주택배지점,(04532) 서울시 중구 남대문로 63 신관 11층,02-728-5625,1179,2018102823,중부,2,20231016,,1710203,31:14.8,31:14.8
1419,113113,항동주유영업소,Mar-56,02-6430-1476,1419,1218533483,인천,2,20090928,20210628,9620306,31:14.8,31:14.8
1130,118191,동서울영업소,546-1,02-454-5663,1179,2018102823,중부,2,19890101,20050902,0310435,31:14.8,31:14.8
1400,114112,대전중부지점,40-25,042-540-0218,1400,3058529229,중부,2,20070525,20110719,0310435,31:14.8,31:14.8
1162,116151,부산물류지점,856번지 1,051-265-7360,1163,6188500055,수영,2,19970801,20050902,0620174,31:14.8,31:14.8
1516,111165,이천DC,(467-821) 경기 이천시 호법면 덕평로 966-2 A동,031-638-2992,1516,2018102823,이천,2,20141223,20210628,9620306,31:14.8,31:14.8
1615,,수도권남부지부,(04532) 서울시 중구 남대문로 63 신관 11층,02-728-5625,1179,2018102823,중부,2,20231102,,1710203,31:14.8,31:14.8
1418,114113,대전복합터미널주유영업소,111-23,042-627-5182,1179,2018102823,중부,2,20090716,20201215,1410124,31:14.8,31:14.8
1202,116161,울산물류센터,313번지,052-272-7277,1202,6108507641,울산,2,19890101,20121005,9620306,31:14.8,31:14.8
1529,111167,안성DC,(456-910) 경기 안성시 일죽면 사실로 147,02-2193-1234,1529,2018102823,평택,2,20141223,20210628,9620306,31:14.8,31:14.8
1560,,풀필먼트그룹,(04532) 서울 중구 남대문로 63  신관11층,02-728-5619,1179,2018102823,중부,1,20230113,,1820044,31:14.8,31:14.8
1159,112141,평택택배지점,451번지 5,031-666-7154,1159,1258506504,평택,2,19890101,20180312,1410124,31:14.8,31:14.8
1428,111311,제주정기화물센터,1703,064-748-5671,1122,6168513331,제주,2,20091228,,0611015,31:14.8,31:14.8
1335,111192,본사부,118번지,02-728-5606,1179,2018102823,중부,3,20011201,20070216,9510034,31:14.8,31:14.8
1356,118143,해상팀,51,02-728-5901,1356,1058511018,남대문,2,20050110,20210628,9620306,31:14.8,31:14.8
1218,111072,정비사업팀,118번지,02-728-5639,1179,2018102823,중부,3,19890101,20210123,1410124,31:14.8,31:14.8
1491,,셀러솔루션팀(구),118번지,02-728-5621,1179,2018102823,중부,1,20210719,20230125,1820044,31:14.8,31:14.8
1350,111172,수도권택배영업,신관 20층,02-728-5624,1179,2018102823,중부,3,20040105,20070216,0620174,31:14.8,31:14.8
1417,111199,EC팀,10층,02-728-5753,1179,2018102823,중부,3,20090414,20141118,0310435,31:14.8,31:14.8
1490,,elogi-x사업부,118번지,02-728-5621,1179,2018102823,중부,1,20210719,20210719,1820044,31:14.8,31:14.8
1554,,인천공항지점,(22335) 인천광역시 중구 축항대로 165번길,02-728-5606,1179,2018102823,중부,2,20230112,20230112,1820044,31:14.8,31:14.8
1179,111051,회계팀,118번지,02-728-5720,1179,2018102823,중부,1,19890101,20210628,9620306,31:14.8,31:14.8
1220,111021,IR DESK팀,118번지,02-728-5639,1179,2018102823,중부,3,19890101,,9508203,31:14.8,31:14.8
1364,118242,강북택배지점,524-1 용현산업단지 내,031-852-6073,1179,2018102823,중부,2,20070103,20180312,1410124,31:14.8,31:14.8
1535,,물류사업지원팀,신관 21층,02-728-5639,1179,2018102823,중부,1,20220412,,1820044,31:14.8,31:14.8
1558,,글로벌이커머스영업팀,(04532) 서울 중구 남대문로 63  신관11층,02-728-5603,1179,2018102823,중부,1,20230113,,1820044,31:14.8,31:14.8
1372,111311,제주물류센터,1451-4,064-748-8890,1122,6168513331,제주,2,20070103,20231206,1710203,31:14.8,31:14.8
1115,114131,청주택배지점,476번지,043-236-1002,1115,3018520658,청주,2,19960901,20180312,1410124,31:14.8,31:14.8
1446,111114,KAM2팀,신관 20층,02-728-5668,1179,2018102823,중부,3,20120104,20120110,0611015,31:14.8,31:14.8
1193,118251,성남버스영업장,341번지,031-707-4257,1179,2018102823,중부,2,19890101,,0620174,31:14.8,31:14.8
1196,112111,수원영업장,369번지 2,031-216-0035,1179,2018102823,중부,2,19990501,20050902,0620174,31:14.8,31:14.8
1468,115125,구미지점물류영업팀,265번지,054-606-1024,1197,5038506757,서대구,2,20190115,20201215,1410124,31:14.8,31:14.8
1165,116111,부산지점정비팀,856번지 1,051-784-3071,1163,6188500055,수영,2,19920401,20210125,1710203,31:14.8,31:14.8
1411,111126,물류영업3팀,118,02-728-5765,1179,2018102823,중부,3,20090129,20210628,9620306,31:14.8,31:14.8
1437,113114,정왕주유영업소,123,031-123-1234,1437,1408514852,시흥,2,20101116,20130104,9620306,31:14.8,31:14.8
1160,115124,부곡영업소,114번지,031-461-8050~9,1179,2018102823,중부,2,19890101,,9508203,31:14.8,31:14.8
1212,111042,노사협력팀,118번지,02-728-5639,1179,2018102823,중부,1,19890101,20210628,9620306,31:14.8,31:14.8
1382,116181,창원물류센터,975-5,055-294-9991,1117,6098513968,창원,2,20070103,20210629,1710203,31:14.8,31:14.8
1187,118121,서울남부임대,371-23,02-3282-8185,1187,1198505359,금천,2,19971201,20070216,0620174,31:14.8,31:14.8
1456,116161,울산지점물류영업팀,313번지,052-272-7277,1202,6108507641,울산,2,20161215,20161215,1410124,31:14.8,31:14.8
1416,112162,서울송파주유영업소,121-6,02-123-1234,1416,2158533319,송파,2,20090327,20150416,0310435,31:14.8,31:14.8
1486,111043,구매팀,한진빌딩,02-728-5991,1179,2018102823,중부,1,20210205,20210628,9620306,31:14.8,31:14.8
1150,117121,광주택배지점,273-80번지,062-955-4609,1150,4108518140,서광주,2,19890601,20180312,1410124,31:14.8,31:14.8
1216,111031,정보시스템팀,118번지,02-728-5639,1179,2018102823,중부,1,19890101,20210628,9620306,31:14.8,31:14.8
1441,111143,유류영업팀,132-4 한일빌딩1층,02-6430-1477,1179,2018102823,중부,3,20110502,20200625,1820044,31:14.8,31:14.8
1561,,셀러솔루션팀,(04532) 서울 중구 남대문로 63  신관11층,02-728-5606,1179,2018102823,중부,1,20230116,20230116,1820044,31:14.8,31:14.8
1219,111191,택배기획팀,118번지,02-728-5639,1179,2018102823,중부,3,19890101,20210123,1410124,31:14.8,31:14.8
1198,115122,서대구(임대),685,053-743-3702,1198,5048505519,북대구,2,19890101,20140325,0310435,31:14.8,31:14.8
1190,118111,서울통신판매,41번지 3,02-751-7356,1179,2018102823,중부,2,19980101,20141118,0310435,31:14.8,31:14.8
1443,118161,서울서부지점판매팀,429번지,02-6460-0734,1179,2018102823,중부,2,20110603,20141023,0310435,31:14.8,31:14.8
1512,111188,3PL센터,(153-010) 서울 금천구 두산로 333-1,02-2193-1233,1179,2018102823,중부,2,20141223,20210119,9620306,31:14.8,31:14.8
1215,111041,인사관리팀,118번지,02-728-5639,1179,2018102823,중부,1,19890101,20210628,9620306,31:14.8,31:14.8
1174,118231,상계지점,366-4,02-3392-2188,1179,2018102823,중부,2,20000301,,9508203,31:14.8,31:14.8
1475,111815,택배영업팀,신관 16층,02-728-5606,1179,2018102823,중부,3,20200619,20210507,1820044,31:14.8,31:14.8
1126,118121,청량리지점,209번지 10,02-2207-2168,1179,2018102823,중부,2,19960801,,9508203,31:14.8,31:14.8
1341,114111,중부지역본부,40번지 25,042-632-2076,1170,3068503601,동대전,1,20011201,,0620174,31:14.8,31:14.8
1117,116171,창원택배지점,75번지,055-273-1447,1117,6098513968,창원,2,19890101,20180312,1410124,31:14.8,31:14.8
1131,118231,양주택배지점,367번지 1,031-859-1413,1179,2018102823,중부,2,19930331,20231016,1710203,31:14.8,31:14.8
1500,111053,DX팀,신관 11층,02-728-5621,1179,2018102823,중부,1,20220314,20220329,1710203,31:14.8,31:14.8
1606,111051,중개솔루션팀,(04532) 서울시 중구 남대문로 63 신관 11층,02-728-5619,1179,2018102823,중부,1,20230418,,1820044,31:14.8,31:14.8
1145,113121,고정사업소,1653번지 7,054-289-5513,1137,1218501088,인천,2,19890101,,9508203,31:14.8,31:14.8
1479,111818,W&D영업팀,신관 20층,02-728-5606,1179,2018102823,중부,3,20200619,20210123,1410124,31:14.8,31:14.8
1399,118311,서울중부지점,51 한진빌딩 신관10층,02-728-5753,1399,1048518527,남대문세무서,2,20070430,20141118,0310435,31:14.8,31:14.8
1369,115112,포항택배지점,553-6,054-289-5592,1146,5068500602,포항,2,20070103,20180312,1410124,31:14.8,31:14.8
1473,118315,운영지원팀,신관 16층 유류사업부,02-728-5808,1179,2018102823,중부,3,20200618,20210123,1410124,31:14.8,31:14.8
1112,112131,안산택배지점,710번지 4,031-433-6213,1112,1348528972,안산,2,19991018,20231016,1710203,31:14.8,31:14.8
1383,111311,제주지부물류영업팀,1451-4,064-748-5671,1122,6168513331,제주,2,20070103,20231206,1710203,31:14.8,31:14.8
1359,118121,서울남부(네덱스),371-23,02-3282-8185,1179,2018102823,중부,2,20051115,20070216,0620174,31:14.8,31:14.8
1353,111196,3PL기획팀,118,02-728-5775,1179,2018102823,중부,2,20040401,20210628,9620306,31:14.8,31:14.8
1204,116161,울산버스임대,199번지 4,052-272-7277,1202,6108507641,울산,2,19911101,,9508203,31:14.8,31:14.8
1166,116122,양산택배지점,506번지 3,051-327-8240,1166,6188500055,수영,2,19960801,20210629,1710203,31:14.8,31:14.8
1607,111051,K패션솔루션팀,(04532) 서울시 중구 남대문로 63 신관 11층,02-728-5619,1179,2018102823,중부,1,20230418,,1820044,31:14.8,31:14.8
1207,111192,이커머스영업팀,118번지,02-728-5639,1179,2018102823,중부,3,19890101,20210628,1820044,31:14.8,31:14.8
1376,118161,서울서부지점,369-2,02-2666-8666,1179,2018102823,중부,2,20070103,20110210,0710743,31:14.8,31:14.8
1158,112161,분당택배지점,171-1번지,032-283-8528,1179,2018102823,중부,2,19991101,20190808,1510821,31:14.8,31:14.8
1208,111124,물류기획팀,118번지,02-728-5639,1179,2018102823,중부,3,19890101,20180319,0711830,31:14.8,31:14.8
1343,116111,부산지점(구),856번지 1,051-740-3014,1163,6188500055,수영,1,20011201,20050902,0620174,31:14.8,31:14.8
1345,111044,비상계획팀,118번지,02-728-5739,1179,2018102823,중부,1,20011201,20210628,9620306,31:14.8,31:14.8
1497,,이커머스영업그룹,본관 5층,02-728-5639,1179,2018102823,중부,1,20220223,20230201,1710203,31:14.8,31:14.8
1466,111148,택배,11111,02-728-5605,1179,2018102823,중부,3,20180319,20201215,1410124,31:14.8,31:14.8
1557,,프로젝트사업팀,(04532) 서울 중구 남대문로 63  신관11층,02-310-6505,1179,2018102823,중부,2,20230113,,1820044,31:14.8,31:14.8
1367,113143,KD물류센터,32-1번지,032-884-7611,1137,1218501088,인천,2,20070103,20201215,1410124,31:14.8,31:14.8
1487,,글로벌지원팀,118,02-728-5903,1487,2018102823,중부,3,20210504,20220303,1820044,31:14.8,31:14.8
1394,111194,택배CS팀,118번지,02-728-5720,1179,2018102823,중부,3,20070103,20070216,0620174,31:14.8,31:14.8
1617,,제주지부,(04532) 서울시 중구 남대문로 63 신관 11층,02-728-5625,1179,2018102823,중부,2,20231206,,1710203,31:14.8,31:14.8
1203,116162,울산버스영업소,199번지 4,052-272-2377,1179,2018102823,중부,2,19890101,20050902,0620174,31:14.8,31:14.8
1532,111152,서이천센터,(449-865) 경기 용인시 처인구 백암면 백암로 837-4,031-335-1616,1514,2018102823,용인,2,20150305,20210628,9620306,31:14.8,31:14.8
1515,111162,B2B센터,(449-865) 경기 용인시 처인구 백암면 백암로 837-4,031-638-1188,1515,2018102823,중부,2,20141223,20230922,1710203,31:14.8,31:14.8
1366,118151,송파택배지점,394번지,02-572-4970,1453,2018102823,중부,2,20070103,20180312,1410124,31:14.8,31:14.8
1471,111129,해운영업팀,118번지,02-728-5634,1179,2018102823,중부,3,20200103,20230113,1820044,31:14.8,31:14.8
1176,117171,순천택배지점,452번지,061-723-6943,1153,4168502118,순천,2,19991201,20230703,1710203,31:14.8,31:14.8
1123,114121,천안택배지점,43번지 7,041-568-4858,1123,3128522511,천안,2,19960801,20180312,1410124,31:14.8,31:14.8
1483,113191,국제물류팀,7번지 318,032-881-3538,1137,1218501088,인천,2,20210105,20210105,9620306,31:14.8,31:14.8
1409,113144,부천택배지점,123 동부제강 내,032-123-1234,1137,1218501088,인천,2,20081203,20231016,1710203,31:14.8,31:14.8
1423,114171,대전정기화물센터,176,041-866-6933,1115,3018520658,청주,2,20091228,,0611015,31:14.8,31:14.8
1605,111051,물류솔루션팀,(04532) 서울 중구 남대문로 63  신관 11층,02-728-5619,1179,2018102823,중부,1,20230418,,1820044,31:14.8,31:14.8
1141,111331,강릉택배지점,366번지 10,033-647-8932,1173,2248509768,원주,2,19970901,20180312,1410124,31:14.8,31:14.8
1401,118171,기흥지점,451-3,031-540-0200,1401,1428503929,용인,2,20070703,20110616,0310435,31:14.8,31:14.8
1132,118231,문산임대,367번지 1,031-859-1413,1132,1288511665,파주,2,19971001,,9508203,31:14.8,31:14.8
1388,111232,해운물류팀,118번지,02-728-5720,1179,2018102823,중부,3,20070103,20200625,1820044,31:14.8,31:14.8
1182,112111,부곡지점,114번지,031-461-8059,1182,2018102823,중부,2,19890101,20140612,0310435,31:14.8,31:14.8
1116,116171,창원영업소,75번지,055-273-1447,1163,6188500055,수영,2,19970301,,9508203,31:14.8,31:14.8
1177,118151,서초택배센터,1443-17,02-3474-1932,1453,2018102823,중부,2,19960901,20210309,1410124,31:14.8,31:14.8
1351,116161,울산지점(임대),199-4,052-272-7277,1351,6108529378,울산,2,20040106,20110616,0710743,31:14.8,31:14.8
1451,118165,김포공항제2주유영업소,(157-240) 서울 강서구 하늘길 112 (공항동),02-6430-1476,1451,2018102823,중부,2,20141231,20151016,1210473,31:14.8,31:14.8
1462,115126,안동택배지점,ㅇㅇㅇ,054-856-4024,1197,5038506757,서대구,2,20180312,20180312,0711830,31:14.8,31:14.8
1379,115121,대구지점,707-2,053-593-5523,1197,5038506757,서대구,2,20070103,20210125,1710203,31:14.8,31:14.8
1461,115114,영일신항만,() 경북 포항) 북구 흥해읍 용한리 853번지 포항영일신항만(주),054-250-8019,1146,5068500602,포항,2,20171106,20201215,1410124,31:14.8,31:14.8
1338,112111,경기지역본부,114번지,031-461-8059,1179,2018102823,중부,1,20011201,,0620174,31:14.8,31:14.8
1336,111061,물류연구원,118번지,02-728-5582,1179,2018102823,중부,3,20011201,20210125,1710203,31:14.8,31:14.8
1185,118142,프로젝트영업팀,41-3 대한항공B/D 7층,02-310-6505,1185,1098518255,남대문,2,19900701,20230201,1710203,31:14.8,31:14.8
1410,116123,부산택배지점,1,051-123-1234,1163,6188500055,수영,2,20081203,20210511,1820044,31:14.8,31:14.8
1460,111119,터미널영업팀,() 서울시 중) 남대문로 63 신관 20층 터미널운영팀,02-728-5654,1179,2018102823,중부,3,20170907,20210628,9620306,31:14.8,31:14.8
1398,116112,부산감만터미널,856-1,051-740-3014,1163,6188500055,수영,2,20070126,20070216,0310435,31:14.8,31:14.8
1357,111197,3PL지원팀,118,02-728-5624,1179,2018102823,중부,2,20050110,20210628,9620306,31:14.8,31:14.8
1133,118171,서울여객정비,한진,031-286-2491,1179,2018102823,중부,2,19900701,20050902,0620174,31:14.8,31:14.8
1464,117172,목포택배지점,1111,062-955-4608,1150,4108518140,서광주,2,20180312,20180424,1410124,31:14.8,31:14.8
1384,111062,시설관재팀,118번지,02-728-5720,1179,2018102823,중부,1,20070103,20210628,9620306,31:14.8,31:14.8
1507,111163,택배3PL팀,(153-010) 서울 금천구 두산로 24,02-2193-1233,1179,2018102823,중부,2,20141223,20200723,1820044,31:14.8,31:14.8
1616,,수도권서부지부,(04532) 서울시 중구 남대문로 63 신관 11층,02-728-5625,1179,2018102823,중부,2,20231130,,1710203,31:14.8,31:14.8
1433,114111,대전지점정비팀,301-1,042-540-0219,1170,3068503601,동대전,2,20100330,20210628,9620306,31:14.8,31:14.8
1493,,유류사업팀,신관 16층 유류사업부,02-728-5808,1179,2018102823,중부,3,20211012,20230201,1710203,31:14.8,31:14.8
1121,117141,정읍TML,226번지 5,063-533-1640,1179,2018102823,중부,2,19990801,20030529,0620174,31:14.8,31:14.8
1517,111168,이천중계,(467-822) 경기 이천시 호법면 중부대로 769-11,031-321-7163,1517,2018102823,이천,2,20141223,20210628,9620306,31:14.8,31:14.8
1445,118241,서울북부지점판매팀,302-8번지,031-699-9010,1179,2018102823,중부,2,20110603,20141023,0310435,31:14.8,31:14.8
1484,113191,창고운영팀,7번지 318,032-881-3538,1137,1218501088,인천,2,20210105,,9620306,31:14.8,31:14.8
1613,,서부산택배지점,(04532) 서울시 중구 남대문로 63 신관 11층,02-728-5625,1179,2018102823,중부,2,20231016,,1710203,31:14.8,31:14.8
1192,118141,항공포워딩팀,51,02-728-5901,1211,1058511018,남대문,3,19960801,20070723,0310435,31:14.8,31:14.8
1144,114143,군산버스영업장,64번지 3,063-468-4962,1179,2018102823,중부,2,19981024,20020928,0620174,31:14.8,31:14.8
1610,,아시아팀,118,02-728-5619,1610,2018102823,중부,1,20230901,,1710203,31:14.8,31:14.8
1139,113141,인천택배지점,7번지 318,032-881-3538,1137,1218501088,인천,2,19960901,20180312,1410124,31:14.8,31:14.8
1506,111162,B2B영업팀,(153-010) 서울 금천구 두산로 333-1,02-2193-1233,1506,2018102823,중부,2,20141223,20210122,9620306,31:14.8,31:14.8
1363,111023,홍보팀,118번지,02-728-5720,1179,2018102823,중부,1,20070103,20231124,1710203,31:14.8,31:14.8
1523,111051,영업개발그룹,(153-010) 서울 금천구 두산로 333-1,02-2193-1233,1179,2018102823,중부,2,20141223,20150113,9620306,31:14.8,31:14.8
1439,118161,인천공항택배영업소,346,02-2666-8666,1179,2018102823,중부,2,20110302,,0611015,31:14.8,31:14.8
1172,114111,대전통신판매,40번지 25,042-632-1120,1179,2018102823,중부,2,19990422,20050902,0620174,31:14.8,31:14.8
1344,115111,영남지역본부,553번지 6,054-289-5513,1146,5068500602,포항,2,20011201,20210628,9620306,31:14.8,31:14.8
1518,111168,대구중계,(704-801) 대구 달서구 대천동 826,053-591-6904,1518,2018102823,서대구,2,20141223,20210628,9620306,31:14.8,31:14.8
1530,111162,이천TC,(467-820) 경기 이천시 호법면 중부대로866번길 39,02-2193-1234,1530,2018102823,이천,2,20141223,20210628,9620306,31:14.8,31:14.8
1556,,김포공항운영팀,(22335) 인천광역시 중구 축항대로 165,02-728-5606,1179,2018102823,중부,2,20230112,,1820044,31:14.8,31:14.8
1370,115121,동대구택배지점,1604번지,053-381-7458,1197,5038506757,서대구,2,20070103,20231016,1710203,31:14.8,31:14.8
1463,114133,서산당진택배지점,11,041-565-0738,1159,1258506504,평택,2,20180312,,0711830,31:14.8,31:14.8
1167,116141,부산통판판매,89번지 14,051-327-8240~5,1163,6188500055,수영,2,20000124,,0620174,31:14.8,31:14.8
1447,111113,KAM1팀,신관 20층,02-728-5678,1179,2018102823,중부,3,20120104,20201215,1410124,31:14.8,31:14.8
1458,111146,평택렌터카영업소,111,02-6460-0712,1159,1258506504,평택,2,20170629,20201215,1410124,31:14.8,31:14.8
1149,115125,구미물류센터,265번지,054-462-0735,1197,5038506757,서대구,2,19970101,20180305,0711830,31:14.8,31:14.8
1542,,비용심사팀,신관11층,02-728-5720,1179,2018102823,중부,1,20220623,,1820044,31:14.8,31:14.8
1545,,자산관리팀,신관 21층,02-728-5613,1179,2018102823,중부,1,20220701,,1820044,31:14.8,31:14.8
1449,118162,이하넥스팀,51번지,02-728-5639,1179,2018102823,중부,3,20120619,20220302,1820044,31:14.8,31:14.8
1392,111174,전략영업팀,118번지,02-728-5720,1179,2018102823,중부,3,20070103,20201020,1710203,31:14.8,31:14.8
1547,,백암지점,(153-010) 서울 금천구 두산로 333-1,02-2193-1233,1179,2018102823,중부,2,20220725,,1820044,31:14.8,31:14.8
1424,115121,대구정기화물센터,707-2,053-593-5523,1379,5038506757,서대구,2,20091228,20120420,1112230,31:14.8,31:14.8
1539,,프로젝트팀,신관 11층,02-728-5621,1179,2018102823,중부,1,20220530,,1820044,31:14.8,31:14.8
1495,118126,남부3PL팀,가산동 371-23,02-3282-8185,1179,2018102823,중부,2,20220105,,1820044,31:14.8,31:14.8
1611,111148,영업정책팀,(04532) 서울시 중구 남대문로 63 신관 11층,02-728-5625,1179,2018102823,중부,1,20231004,,1710203,31:14.8,31:14.8
1153,117111,전남지점,1653번지 7,061-792-5403,1153,4168502118,순천,2,19890101,20210401,1410124,31:14.8,31:14.8
1538,,증평제2주유영업소,(28135) 충청북도 청주시 청원구 북이면 충청대로 1517,02-6430-1451,1538,3068503601,동대전,2,20220525,20220608,1820044,31:14.8,31:14.8
1528,111163,함안DC,(637-832) 경남 함안군 법수면 황사리 53,055-585-1307,1528,2018102823,마산,2,20141223,20210628,9620306,31:14.8,31:14.8
1474,111297,글로벌포워딩팀,신관,02-728-5606,1179,2018102823,중부,3,20200619,20210628,9620306,31:14.8,31:14.8
1337,121112,뉴욕영업소,118번지,02-728-5606,1179,2018102823,중부,2,20011201,20110616,0710743,31:14.8,31:14.8
1373,116131,남부산택배지점,330-226번지,051-632-2143,1163,6188500055,수영,2,20070103,20231011,1710203,31:14.8,31:14.8
1154,117111,광양버스영업소,1653번지 7,061-792-5403,1179,2018102823,중부,2,19900630,,0620174,31:14.8,31:14.8
1435,111127,육운팀,신관 20층,02-728-5642,1179,2018102823,중부,3,20100827,20110616,0710743,31:14.8,31:14.8
1489,,L.D.P팀,118번지,02-728-5621,1179,2018102823,중부,1,20210719,20230113,1820044,31:14.8,31:14.8
1452,116161,울산지점정비,313번지,052-901-0500,1452,6108507641,울산,2,20150515,20201215,1410124,31:14.8,31:14.8
1347,111053,재무팀,118,02-728-5602,1179,2018102823,중부,1,20030701,20210628,9620306,31:14.8,31:14.8
1505,111051,경영관리그룹,(153-010) 서울 금천구 두산로 333-1,02-2193-1233,1179,2018102823,중부,2,20141223,20150113,9620306,31:14.8,31:14.8
1434,116911,부산신항국제터미널,123,051-123-1234,1163,6188500055,수영,2,20100514,20210628,9620306,31:14.8,31:14.8
1553,,P&D영업팀,(04532) 서울 중구 남대문로 63,02-728-5606,1179,2018102823,중부,1,20230112,,1820044,31:14.8,31:14.8
1361,118281,이천택배지점,118,02-728-5624,1179,2018102823,중부,2,20060925,20231011,1710203,31:14.8,31:14.8
1534,118241,동서울HUB,"(05842) 서울 송파구 송파대로 55 A동 702호(장지동, 서울복합물류)",02-2251-3109,1377,1268532946,이천,2,20220330,,1410124,31:14.8,31:14.8
1171,114151,대전버스영업소,40번지 25,042-623-0168,1179,2018102823,중부,2,19890101,20050902,0310435,31:14.8,31:14.8
1442,112161,서울동부지점판매팀,171-1번지,031-626-7012,1179,2018102823,중부,2,20110603,20141023,0310435,31:14.8,31:14.8
1163,116111,부산지점,856-1,051-740-3014,1163,6188500055,수영,2,19890101,20121106,9620306,31:14.8,31:14.8
1406,118162,특송영업팀,51번지,02-728-5639,1136,1218528530,인천,2,20080327,20210628,9620306,31:14.8,31:14.8
1206,111171,택배운영기획팀,118번지,02-728-5639,1179,2018102823,중부,3,19890101,20070216,0620174,31:14.8,31:14.8
1531,111163,광주전대,(464-880) 경기 광주시 도척면 국사봉로 97-50,02-2193-1065,1531,2018102823,중부,2,20141223,20210628,9620306,31:14.8,31:14.8
1476,111816,P&amp;D영업1팀,신관 20층,02-728-5606,1179,2018102823,중부,3,20200619,20230113,1820044,31:14.8,31:14.8
1413,111052,채권관리,신관 20층 수입관리팀,02-728-5808,1179,2018102823,중부,1,20090213,20210628,9620306,31:14.8,31:14.8
1555,,GDC운영팀,(22335) 인천광역시 중구 축항대로 165번길,02-728-5606,1179,2018102823,중부,1,20230112,20230112,1820044,31:14.8,31:14.8
1122,111311,제주택배지점,1451-4,064-749-5681,1122,6168513331,제주,2,19891020,20180312,1410124,31:14.8,31:14.8
1469,111192,C2C그룹,한진빌딩 신관 9층,02-728-5747,1179,2018102823,중부,3,20190708,20200619,1820044,31:14.8,31:14.8
1183,118121,구로택배지점,371-23,02-3282-8185,1179,2018102823,중부,2,19920101,20180312,1410124,31:14.8,31:14.8
1562,,글로벌이커머스운영팀,(04532) 서울 중구 남대문로 63  신관11층,02-728-5606,1179,2018102823,중부,1,20230116,,1820044,31:14.8,31:14.8
1537,,녹색환경그룹,신관 11층,02-728-5720,1179,2018102823,중부,1,20220523,20220523,1820044,31:14.8,31:14.8
1438,113115,인천터미널주유영업소,15,032-123-1234,1438,1218536291,인천,2,20101227,20140527,9620306,31:14.8,31:14.8
1407,111311,제주렌터카영업소,1703번지,064-749-5681,1407,6168525517,제주,2,20080617,20210628,9620306,31:14.8,31:14.8
1362,111022,경영전략팀,118번지,02-728-5720,1179,2018102823,중부,1,20070103,20210628,9620306,31:14.8,31:14.8
1526,112114,푸드이천센터,(467-822) 경기 이천시 호법면 중부대로 769-11,031-321-7163,1515,2018102823,중부,2,20141223,20210628,9620306,31:14.8,31:14.8
1134,118241,하남택배지점,302-8번지,031-793-7635,1377,1268532946,이천,2,19960801,20200206,1510821,31:14.8,31:14.8
1503,111051,경영지원그룹,(153-010) 서울 금천구 두산로 333-1,02-2193-1233,1179,2018102823,금천,2,20141223,,1012465,31:14.8,31:14.8
1210,111021,경영관리팀,118번지,02-728-5639,1179,2018102823,중부,1,19890101,20210628,9620306,31:14.8,31:14.8
1543,,부곡지점유통물류1팀,114번지,031-461-8059,1182,2018102823,중부,2,20220627,,1820044,31:14.8,31:14.8
1334,111052,중역실,118번지,02-728-5606,1179,2018102823,중부,3,20011201,20070216,9510034,31:14.8,31:14.8
1199,115122,대구영업소,328-1,053-743-3702,1199,5028500124,동대구,2,19890101,20201215,1410124,31:14.8,31:14.8
1119,114143,전주버스영업소,705번지 5,063-275-0625,1179,2018102823,중부,2,19890101,20201215,1410124,31:14.8,31:14.8
1355,113191,인천국제지점,7번지 318,032-881-3538,1137,1218501088,인천,2,20050110,20210129,9620306,31:14.8,31:14.8
1189,118111,울산동부하역,41번지 3,02-728-5744,1202,6108507641,울산,2,19970301,20070216,0310435,31:14.8,31:14.8
1509,111116,유통운송팀,(153-010) 서울 금천구 두산로 333-1,02-2193-1233,1179,2018102823,중부,2,20141223,20150113,9620306,31:14.8,31:14.8
1188,118111,수도권택배본부,118번지,02-751-7356,1179,2018102823,중부,2,19920101,20090415,2004904,31:14.8,31:14.8
1536,,이커머스기획팀,본관 5층,02-728-5639,1179,2018102823,중부,1,20220419,,1820044,31:14.8,31:14.8
1389,111112,IT운영2팀,118번지,02-728-5720,1179,2018102823,중부,1,20070103,20210628,9620306,31:14.8,31:14.8
1412,114171,세종지점(판매팀),476번지,043-236-1002,1115,3018520658,청주,2,20090130,20201215,1410124,31:14.8,31:14.8
1520,111051,택배사업팀,(153-010) 서울 금천구 두산로 333-1,02-2193-1159,1179,2018102823,중부,3,20141223,20210628,9620306,31:14.8,31:14.8
1136,118162,특송운영팀,2165-7 항공화물터미널 214,032-881-3538,1136,1218528530,인천,2,20010301,20200622,1410124,31:14.8,31:14.8
1415,118121,서울남부지점여권택배팀,대한항공빌딩 지하1층,02-786-1212,1183,2018102823,중부,3,20090326,20110616,0310435,31:14.8,31:14.8
1421,113111,인천정기화물센터,Jan-34,032-887-1210,1137,1218501088,인천,3,20091228,20110712,0611015,31:14.8,31:14.8
1559,,해운사업팀,(04532) 서울 중구 남대문로 63  신관11층,02-728-5606,1179,2018102823,중부,1,20230113,,1820044,31:14.8,31:14.8
1191,112111,부곡지점정비팀,114번지,031-461-8059,1191,1388500904,중부,2,19890701,20210125,1710203,31:14.8,31:14.8
1395,111191,고객지원팀,118번지,02-728-5720,1179,2018102823,중부,3,20070103,20210123,1410124,31:14.8,31:14.8
1514,111163,3PL지점,(449-865) 경기 용인시 처인구 백암면 백암로 837-4,031-335-1616,1514,2018102823,용인,2,20141223,20210628,9620306,31:14.8,31:14.8
1444,118121,서울남부지점판매팀,371-23번지,02-3282-8110,1179,2018102823,중부,2,20110603,20141023,0310435,31:14.8,31:14.8
1360,111181,컨설팅팀,118,02-728-5762,1179,2018102823,중부,3,20060526,20060724,0620174,31:14.8,31:14.8
1201,118271,동대문택배지점,521-8,02-2217-3414,1179,2018102823,중부,2,20000327,20180312,1410124,31:14.8,31:14.8
1156,118122,마포택배지점,448-52,02-3273-1264,1179,2018102823,중부,2,19981022,20190909,1510821,31:14.8,31:14.8
1157,116181,창원물류센터(구),975번지 5,054-294-9994,1117,6098513968,창원,2,19991101,20210528,1820044,31:14.8,31:14.8
1508,111126,W&D운영팀,(153-010) 서울 금천구 두산로 333-1,02-2193-1233,1179,2018102823,중부,3,20141223,20210628,9620306,31:14.8,31:14.8
1432,118124,서울관악주유영업소,912-15,02-123-1234,1432,1198528895,금천,2,20100209,20201215,1410124,31:14.8,31:14.8
1142,115151,김천지점,1347번지 6,054-437-1210,1179,2018102823,중부,2,19990816,,9508203,31:14.8,31:14.8
1213,111181,창고사업팀,118번지,02-728-5639,1179,2018102823,중부,3,19890101,,9508203,31:14.8,31:14.8
1368,113142,부평택배지점,7-318,032-887-8120,1137,1218501088,인천,2,20070103,20180312,1410124,31:14.8,31:14.8
1601,111051,물류운송팀,(04532) 서울시 남대문로 63 신관 11층,02-728-5619,1179,2018102823,중부,1,20230222,,1820044,31:14.8,31:14.8
1180,111043,총무팀,118번지,02-728-5565,1179,2018102823,중부,1,19890101,20210628,9620306,31:14.8,31:14.8
1478,111814,이커머스영업팀(구),신관 16층,02-728-5606,1179,2018102823,중부,3,20200619,20210617,1820044,31:14.8,31:14.8
1405,111125,물류영업2팀,118,02-728-5644,1179,2018102823,중부,3,20080319,20210628,9620306,31:14.8,31:14.8
1513,111163,독산임대,(153-010) 서울 금천구 두산로 333-1,02-2193-1233,1513,2018102823,중부,2,20141223,20151016,1210473,31:14.8,31:14.8
1339,111123,벌크영업그룹,41번지 3,02-751-7356,1179,2018102823,중부,1,20011201,20050902,0620174,31:14.8,31:14.8
1125,116173,진주택배지점,153번지,055-744-4721,1117,6098513968,창원,2,19990901,20180312,1410124,31:14.8,31:14.8
1197,115121,대구택배지점,1604번지,053-381-6343,1197,5038506757,서대구,2,19890101,20180312,1410124,31:14.8,31:14.8
1387,111111,운영기획팀,118번지,02-728-5720,1179,2018102823,중부,3,20070103,20070216,0620174,31:14.8,31:14.8
1525,115129,푸드영남센터,(449-865) 경기 용인시 처인구 백암면 백암로 837-4,031-335-1616,1519,2018102823,서대구,2,20141223,20210628,9620306,31:14.8,31:14.8
1152,113121,보령물류센터,산69번지,041-932-4959,1159,1258506504,평택,2,19940101,20231108,1710203,31:14.8,31:14.8
1140,113111,경인지점정비팀,35번지,032-772-3486,1140,1218506026,인천,2,19920401,20230925,1710203,31:14.8,31:14.8
1175,118131,상봉버스사업소,546-1,02-447-3111,1179,2018102823,중부,2,19931130,,9508203,31:14.8,31:14.8
1170,114111,대전택배지점,301-1번지,042-632-1120,1170,3068503601,동대전,2,19890101,20200916,1820044,31:14.8,31:14.8
1430,115127,구미택배지점,265,054-462-0735,1197,5038506757,서대구,2,20100111,20180605,1510821,31:14.8,31:14.8
1499,,이커머스운영2그룹,본관 5층,02-728-5639,1179,2018102823,중부,1,20220223,20230113,1820044,31:14.8,31:14.8
1467,118166,김포스마일주유영업소,김포대로 2429,02-6430-1477,1467,2018102823,중부,2,20180710,20210123,1410124,31:14.8,31:14.8
1124,114122,천안버스영업소,43번지 7,041-568-4858,1179,2018102823,중부,2,19890101,20050902,0620174,31:14.8,31:14.8
1381,114111,대전지점,301-1,042-540-0219,1170,3068503601,동대전,2,20070103,20160106,0310435,31:14.8,31:14.8
1184,111121,물류영업1팀,118번지,02-728-5639,1179,2018102823,중부,3,19890101,20200622,1410124,31:14.8,31:14.8
1482,,포워딩운영팀,51,02-728-5600,1482,1058511018,남대문,2,20210105,20230922,1710203,31:14.8,31:14.8
1200,115122,서대구영업소임대,68번지 3,053-381-6343,1198,5048505519,북대구,2,19931001,,9508203,31:14.8,31:14.8
1393,111173,IT운영1팀,118번지,02-728-5720,1179,2018102823,중부,1,20070103,20231011,1710203,31:14.8,31:14.8
1354,111212,국제사업지원팀,118,02-728-5900,1179,2018102823,중부,1,20040401,20061123,0620174,31:14.8,31:14.8
1492,,풀필먼트팀(구),118번지,02-728-5621,1179,2018102823,중부,1,20210719,20230113,1820044,31:14.8,31:14.8
1440,112152,수원택배지점,780-1,031-898-5622,1113,1238527901,안양,2,20110309,20180312,1410124,31:14.8,31:14.8
1422,112111,부곡정기화물센터,114,031-461-8059,1179,2018102823,중부,2,20091228,20201215,1410124,31:14.8,31:14.8
1436,118125,여의도주유영업소,123,02-123-1234,1436,1078543229,영등포,2,20101116,20130104,0310435,31:14.8,31:14.8
1397,111214,해외영업팀,118,02-728-5903,1179,2018102823,중부,3,20070110,20120628,0310435,31:14.8,31:14.8
1128,112142,평택물류지점,30번지,041-357-0712,1159,1258506504,평택,2,19991201,20210125,1710203,31:14.8,31:14.8
1348,111193,3PL영업팀,118번지 해운센타 신관21층,02-728-5624,1179,2018102823,중부,2,20040105,20210628,9620306,31:14.8,31:14.8
1214,111141,여객사업그룹,118번지,02-728-5639,1179,2018102823,중부,3,19890101,20050902,0620174,31:14.8,31:14.8
1148,115111,영남지점정비팀,553번지 6,054-289-5573,1146,5068500602,포항,2,19920401,20210401,1410124,31:14.8,31:14.8
1340,113111,경인지역본부,35번지,032-887-1210,1137,1218501088,인천,2,20011201,20210628,9620306,31:14.8,31:14.8
1453,118153,동부3PL팀,"(138-871) 서울시 송파구 송파대로 55, 서울동남권 물류단지 B동 2층",02-2251-3030,1453,2018102823,중부,2,20150612,20210507,1820044,31:14.8,31:14.8
1548,,IT운영팀,신관,02-728-5720,1179,2018102823,중부,1,20220916,,1820044,31:14.8,31:14.8
1118,114141,전주택배지점,1051-2번지,063-214-1632,1118,4028516215,전주,2,19970401,20180312,1410124,31:14.8,31:14.8
1147,115131,포항버스영업소,553번지 6,054-272-3883,1179,2018102823,중부,2,19900630,20060117,0620174,31:14.8,31:14.8
1316,111052,수입관리팀,118번지,02-728-5621,1179,2018102823,중부,1,19890101,20210628,9620306,31:14.8,31:14.8
