수익비용구분코드,수익비용구분명,상위계정과목코드,상위계정과목명,계정과목코드,계정과목명,하위계정과목코드,하위계정과목명,최초생성자ID,최초생성일시,최종갱신자ID,last_update_dtm,etl_dtm
400000,수익,410000,영업수익,411100,영업수익,411111,P&D사업수익,epark,2023-12-12 21:04:02.719000,epark,2023-12-12 21:04:02.719000,2023-12-23 01:08:04.132000
400000,수익,410000,영업수익,411100,영업수익,411112,W&D사업수익,epark,2023-12-12 21:04:02.720000,epark,2023-12-12 21:04:02.720000,2023-12-23 01:08:04.132000
400000,수익,410000,영업수익,411100,영업수익,411113,해운사업수익,epark,2023-12-12 21:04:02.721000,epark,2023-12-12 21:04:02.721000,2023-12-23 01:08:04.132000
400000,수익,410000,영업수익,411100,영업수익,411114,터미널사업수익,epark,2023-12-12 21:04:02.722000,epark,2023-12-12 21:04:02.722000,2023-12-23 01:08:04.132000
400000,수익,410000,영업수익,411100,영업수익,411115,유류사업수익,epark,2023-12-12 21:04:02.723000,epark,2023-12-12 21:04:02.723000,2023-12-23 01:08:04.132000
400000,수익,410000,영업수익,411100,영업수익,411116,국제사업수익,epark,2023-12-12 21:04:02.725000,epark,2023-12-12 21:04:02.725000,2023-12-23 01:08:04.132000
400000,수익,410000,영업수익,411100,영업수익,411117,택배사업수익,epark,2023-12-12 21:04:02.726000,epark,2023-12-12 21:04:02.726000,2023-12-23 01:08:04.132000
400000,수익,410000,영업수익,411100,영업수익,411199,기타사업수익,epark,2023-12-12 21:04:02.727000,epark,2023-12-12 21:04:02.727000,2023-12-23 01:08:04.132000
400000,수익,420000,영업외수익,421100,금융수익,421111,이자수익(증권사),epark,2023-12-12 21:04:02.728000,epark,2023-12-12 21:04:02.728000,2023-12-23 01:08:04.132000
400000,수익,420000,영업외수익,421100,금융수익,421112,이자수익(기타금융기관),epark,2023-12-12 21:04:02.729000,epark,2023-12-12 21:04:02.729000,2023-12-23 01:08:04.132000
400000,수익,420000,영업외수익,421100,금융수익,421113,이자수익(대여금),epark,2023-12-12 21:04:02.730000,epark,2023-12-12 21:04:02.730000,2023-12-23 01:08:04.132000
400000,수익,420000,영업외수익,421100,금융수익,421114,이자수익(퇴직연금운용자산),epark,2023-12-12 21:04:02.731000,epark,2023-12-12 21:04:02.731000,2023-12-23 01:08:04.132000
400000,수익,420000,영업외수익,421100,금융수익,421119,이자수익(기타),epark,2023-12-12 21:04:02.732000,epark,2023-12-12 21:04:02.732000,2023-12-23 01:08:04.132000
400000,수익,420000,영업외수익,421100,금융수익,421121,파생상품거래이익,epark,2023-12-12 21:04:02.733000,epark,2023-12-12 21:04:02.733000,2023-12-23 01:08:04.132000
400000,수익,420000,영업외수익,421100,금융수익,421122,파생상품평가이익,epark,2023-12-12 21:04:02.734000,epark,2023-12-12 21:04:02.734000,2023-12-23 01:08:04.132000
400000,수익,420000,영업외수익,421100,금융수익,421131,사채상환이익,epark,2023-12-12 21:04:02.736000,epark,2023-12-12 21:04:02.736000,2023-12-23 01:08:04.132000
400000,수익,420000,영업외수익,421100,금융수익,421141,당기손익-공정가치측정금융자산평가이익,epark,2023-12-12 21:04:02.737000,epark,2023-12-12 21:04:02.737000,2023-12-23 01:08:04.132000
400000,수익,420000,영업외수익,421100,금융수익,421142,당기손익-공정가치측정금융자산처분이익,epark,2023-12-12 21:04:02.738000,epark,2023-12-12 21:04:02.738000,2023-12-23 01:08:04.132000
400000,수익,420000,영업외수익,421200,배당금수익,421211,배당금수익,epark,2023-12-12 21:04:02.739000,epark,2023-12-12 21:04:02.739000,2023-12-23 01:08:04.132000
400000,수익,420000,영업외수익,422100,외환차익및환산이익,422111,외환차익,epark,2023-12-12 21:04:02.740000,epark,2023-12-12 21:04:02.740000,2023-12-23 01:08:04.132000
400000,수익,420000,영업외수익,422100,외환차익및환산이익,422121,외화환산이익,epark,2023-12-12 21:04:02.741000,epark,2023-12-12 21:04:02.741000,2023-12-23 01:08:04.132000
400000,수익,420000,영업외수익,423100,자산처분및평가이익,423111,유형자산처분이익,epark,2023-12-12 21:04:02.742000,epark,2023-12-12 21:04:02.742000,2023-12-23 01:08:04.132000
400000,수익,420000,영업외수익,423100,자산처분및평가이익,423112,무형자산처분이익,epark,2023-12-12 21:04:02.743000,epark,2023-12-12 21:04:02.743000,2023-12-23 01:08:04.132000
400000,수익,420000,영업외수익,423100,자산처분및평가이익,423113,투자부동산처분이익,epark,2023-12-12 21:04:02.744000,epark,2023-12-12 21:04:02.744000,2023-12-23 01:08:04.132000
400000,수익,420000,영업외수익,423100,자산처분및평가이익,423114,사용권자산처분이익,epark,2023-12-12 21:04:02.745000,epark,2023-12-12 21:04:02.745000,2023-12-23 01:08:04.132000
400000,수익,420000,영업외수익,423100,자산처분및평가이익,423115,매각예정자산처분이익,epark,2023-12-12 21:04:02.746000,epark,2023-12-12 21:04:02.746000,2023-12-23 01:08:04.132000
400000,수익,420000,영업외수익,423100,자산처분및평가이익,423121,종속기업투자처분이익,epark,2023-12-12 21:04:02.747000,epark,2023-12-12 21:04:02.747000,2023-12-23 01:08:04.132000
400000,수익,420000,영업외수익,423100,자산처분및평가이익,423122,관계기업투자처분이익,epark,2023-12-12 21:04:02.749000,epark,2023-12-12 21:04:02.749000,2023-12-23 01:08:04.132000
400000,수익,420000,영업외수익,423100,자산처분및평가이익,423123,공동기업투자처분이익,epark,2023-12-12 21:04:02.750000,epark,2023-12-12 21:04:02.750000,2023-12-23 01:08:04.132000
400000,수익,420000,영업외수익,423100,자산처분및평가이익,423124,기타투자자산처분이익,epark,2023-12-12 21:04:02.751000,epark,2023-12-12 21:04:02.751000,2023-12-23 01:08:04.132000
400000,수익,420000,영업외수익,423100,자산처분및평가이익,423131,유형자산손상환입,epark,2023-12-12 21:04:02.752000,epark,2023-12-12 21:04:02.752000,2023-12-23 01:08:04.132000
400000,수익,420000,영업외수익,423100,자산처분및평가이익,423132,무형자산손상환입,epark,2023-12-12 21:04:02.753000,epark,2023-12-12 21:04:02.753000,2023-12-23 01:08:04.132000
400000,수익,420000,영업외수익,423100,자산처분및평가이익,423133,투자부동산손상환입,epark,2023-12-12 21:04:02.754000,epark,2023-12-12 21:04:02.754000,2023-12-23 01:08:04.132000
400000,수익,420000,영업외수익,423100,자산처분및평가이익,423134,사용권자산손상환입,epark,2023-12-12 21:04:02.755000,epark,2023-12-12 21:04:02.755000,2023-12-23 01:08:04.132000
400000,수익,420000,영업외수익,423100,자산처분및평가이익,423141,종속기업투자손상환입,epark,2023-12-12 21:04:02.756000,epark,2023-12-12 21:04:02.756000,2023-12-23 01:08:04.132000
400000,수익,420000,영업외수익,423100,자산처분및평가이익,423142,관계기업투자손상환입,epark,2023-12-12 21:04:02.756000,epark,2023-12-12 21:04:02.756000,2023-12-23 01:08:04.132000
400000,수익,420000,영업외수익,423100,자산처분및평가이익,423143,공동기업투자손상환입,epark,2023-12-12 21:04:02.757000,epark,2023-12-12 21:04:02.757000,2023-12-23 01:08:04.132000
400000,수익,420000,영업외수익,423100,자산처분및평가이익,423144,기타투자자산손상환입,epark,2023-12-12 21:04:02.758000,epark,2023-12-12 21:04:02.758000,2023-12-23 01:08:04.132000
400000,수익,420000,영업외수익,425100,기타영업외수익,425111,보험구상금,epark,2023-12-12 21:04:02.759000,epark,2023-12-12 21:04:02.759000,2023-12-23 01:08:04.132000
400000,수익,420000,영업외수익,425100,기타영업외수익,425121,법인세환급액,epark,2023-12-12 21:04:02.760000,epark,2023-12-12 21:04:02.760000,2023-12-23 01:08:04.132000
400000,수익,420000,영업외수익,425100,기타영업외수익,425131,채무면제이익,epark,2023-12-12 21:04:02.761000,epark,2023-12-12 21:04:02.761000,2023-12-23 01:08:04.132000
400000,수익,420000,영업외수익,425100,기타영업외수익,425141,전기오류수정이익,epark,2023-12-12 21:04:02.762000,epark,2023-12-12 21:04:02.762000,2023-12-23 01:08:04.132000
400000,수익,420000,영업외수익,425100,기타영업외수익,425151,염가매수차익,epark,2023-12-12 21:04:02.763000,epark,2023-12-12 21:04:02.763000,2023-12-23 01:08:04.132000
400000,수익,420000,영업외수익,425100,기타영업외수익,425161,소송충당부채환입액,epark,2023-12-12 21:04:02.764000,epark,2023-12-12 21:04:02.764000,2023-12-23 01:08:04.132000
400000,수익,420000,영업외수익,425100,기타영업외수익,425191,잡수익,epark,2023-12-12 21:04:02.765000,epark,2023-12-12 21:04:02.765000,2023-12-23 01:08:04.132000
500000,비용,510000,영업비용,511100,급여및상여,511111,임원급여,epark,2023-12-12 21:04:02.766000,epark,2023-12-12 21:04:02.766000,2023-12-23 01:08:04.132000
500000,비용,510000,영업비용,511100,급여및상여,511121,임원상여금,epark,2023-12-12 21:04:02.767000,epark,2023-12-12 21:04:02.767000,2023-12-23 01:08:04.132000
500000,비용,510000,영업비용,511100,급여및상여,511131,급여,epark,2023-12-12 21:04:02.768000,epark,2023-12-12 21:04:02.768000,2023-12-23 01:08:04.132000
500000,비용,510000,영업비용,511100,급여및상여,511141,기타장기종업원급여,epark,2023-12-12 21:04:02.769000,epark,2023-12-12 21:04:02.769000,2023-12-23 01:08:04.132000
500000,비용,510000,영업비용,511100,급여및상여,511142,장기근속포상비,epark,2023-12-12 21:04:02.770000,epark,2023-12-12 21:04:02.770000,2023-12-23 01:08:04.132000
500000,비용,510000,영업비용,511100,급여및상여,511151,상여금,epark,2023-12-12 21:04:02.771000,epark,2023-12-12 21:04:02.771000,2023-12-23 01:08:04.132000
500000,비용,510000,영업비용,511400,제수당,511411,연월차수당,epark,2023-12-12 21:04:02.772000,epark,2023-12-12 21:04:02.772000,2023-12-23 01:08:04.132000
500000,비용,510000,영업비용,511400,제수당,511421,주휴수당,epark,2023-12-12 21:04:02.773000,epark,2023-12-12 21:04:02.773000,2023-12-23 01:08:04.132000
500000,비용,510000,영업비용,511400,제수당,511431,초과근로수당,epark,2023-12-12 21:04:02.774000,epark,2023-12-12 21:04:02.774000,2023-12-23 01:08:04.132000
500000,비용,510000,영업비용,511400,제수당,511441,일숙직수당,epark,2023-12-12 21:04:02.775000,epark,2023-12-12 21:04:02.775000,2023-12-23 01:08:04.132000
500000,비용,510000,영업비용,511400,제수당,511451,작업촉진수당,epark,2023-12-12 21:04:02.776000,epark,2023-12-12 21:04:02.776000,2023-12-23 01:08:04.132000
500000,비용,510000,영업비용,511400,제수당,511491,기타제수당,epark,2023-12-12 21:04:02.777000,epark,2023-12-12 21:04:02.777000,2023-12-23 01:08:04.132000
500000,비용,510000,영업비용,511500,퇴직급여,511511,퇴직급여충당금전입액,epark,2023-12-12 21:04:02.778000,epark,2023-12-12 21:04:02.778000,2023-12-23 01:08:04.132000
500000,비용,510000,영업비용,511500,퇴직급여,511521,단체퇴직급여충당금전입액,epark,2023-12-12 21:04:02.779000,epark,2023-12-12 21:04:02.779000,2023-12-23 01:08:04.132000
500000,비용,510000,영업비용,511500,퇴직급여,511531,명예퇴직금,epark,2023-12-12 21:04:02.780000,epark,2023-12-12 21:04:02.780000,2023-12-23 01:08:04.132000
500000,비용,510000,영업비용,511500,퇴직급여,511541,퇴직급여DC,epark,2023-12-12 21:04:02.781000,epark,2023-12-12 21:04:02.781000,2023-12-23 01:08:04.132000
500000,비용,510000,영업비용,511600,복리후생비,511611,건강보험 및 지원비,epark,2023-12-12 21:04:02.782000,epark,2023-12-12 21:04:02.782000,2023-12-23 01:08:04.132000
500000,비용,510000,영업비용,511600,복리후생비,511621,국민연금,epark,2023-12-12 21:04:02.783000,epark,2023-12-12 21:04:02.783000,2023-12-23 01:08:04.132000
500000,비용,510000,영업비용,511600,복리후생비,511631,개인연금,epark,2023-12-12 21:04:02.784000,epark,2023-12-12 21:04:02.784000,2023-12-23 01:08:04.132000
500000,비용,510000,영업비용,511600,복리후생비,511641,재해보험료,epark,2023-12-12 21:04:02.785000,epark,2023-12-12 21:04:02.785000,2023-12-23 01:08:04.132000
500000,비용,510000,영업비용,511600,복리후생비,511651,고용보험료,epark,2023-12-12 21:04:02.786000,epark,2023-12-12 21:04:02.786000,2023-12-23 01:08:04.132000
500000,비용,510000,영업비용,511600,복리후생비,511661,급식대,epark,2023-12-12 21:04:02.786000,epark,2023-12-12 21:04:02.786000,2023-12-23 01:08:04.132000
500000,비용,510000,영업비용,511600,복리후생비,511662,야근식대,epark,2023-12-12 21:04:02.787000,epark,2023-12-12 21:04:02.787000,2023-12-23 01:08:04.132000
500000,비용,510000,영업비용,511600,복리후생비,511663,조만근식대,epark,2023-12-12 21:04:02.788000,epark,2023-12-12 21:04:02.788000,2023-12-23 01:08:04.132000
500000,비용,510000,영업비용,511600,복리후생비,511664,조만근교통비,epark,2023-12-12 21:04:02.789000,epark,2023-12-12 21:04:02.789000,2023-12-23 01:08:04.132000
500000,비용,510000,영업비용,511600,복리후생비,511671,교육지원비(장학금),epark,2023-12-12 21:04:02.790000,epark,2023-12-12 21:04:02.790000,2023-12-23 01:08:04.132000
500000,비용,510000,영업비용,511600,복리후생비,511681,새마을금고출연금,epark,2023-12-12 21:04:02.791000,epark,2023-12-12 21:04:02.791000,2023-12-23 01:08:04.132000
500000,비용,510000,영업비용,511600,복리후생비,511691,기타복리후생비,epark,2023-12-12 21:04:02.792000,epark,2023-12-12 21:04:02.792000,2023-12-23 01:08:04.132000
500000,비용,510000,영업비용,511600,복리후생비,511692,인센티브,epark,2023-12-12 21:04:02.794000,epark,2023-12-12 21:04:02.794000,2023-12-23 01:08:04.132000
500000,비용,510000,영업비용,511600,복리후생비,511693,외지근무보조비,epark,2023-12-12 21:04:02.795000,epark,2023-12-12 21:04:02.795000,2023-12-23 01:08:04.132000
500000,비용,510000,영업비용,511600,복리후생비,511694,숙소관리비,epark,2023-12-12 21:04:02.796000,epark,2023-12-12 21:04:02.796000,2023-12-23 01:08:04.132000
500000,비용,510000,영업비용,511600,복리후생비,511695,피복 및 작업장구비,epark,2023-12-12 21:04:02.797000,epark,2023-12-12 21:04:02.797000,2023-12-23 01:08:04.132000
500000,비용,510000,영업비용,511600,복리후생비,511696,소집단활동지원비,epark,2023-12-12 21:04:02.798000,epark,2023-12-12 21:04:02.798000,2023-12-23 01:08:04.132000
500000,비용,510000,영업비용,511600,복리후생비,511697,우리사주대출이자지원,epark,2023-12-12 21:04:02.793000,epark,2023-12-12 21:04:02.793000,2023-12-23 01:08:04.132000
500000,비용,510000,영업비용,511700,잡급,511711,노임,epark,2023-12-12 21:04:02.799000,epark,2023-12-12 21:04:02.799000,2023-12-23 01:08:04.132000
500000,비용,510000,영업비용,511700,잡급,511721,노임부대비용,epark,2023-12-12 21:04:02.800000,epark,2023-12-12 21:04:02.800000,2023-12-23 01:08:04.132000
500000,비용,510000,영업비용,511700,잡급,511731,일용잡급,epark,2023-12-12 21:04:02.801000,epark,2023-12-12 21:04:02.801000,2023-12-23 01:08:04.132000
500000,비용,510000,영업비용,511900,외주용역비,511911,육운운영도급비,epark,2023-12-12 21:04:02.802000,epark,2023-12-12 21:04:02.802000,2023-12-23 01:08:04.132000
500000,비용,510000,영업비용,511900,외주용역비,511912,육운터미널상차료,epark,2023-12-12 21:04:02.803000,epark,2023-12-12 21:04:02.803000,2023-12-23 01:08:04.132000
500000,비용,510000,영업비용,511900,외주용역비,511913,화물운송부대비용,epark,2023-12-12 21:04:02.804000,epark,2023-12-12 21:04:02.804000,2023-12-23 01:08:04.132000
500000,비용,510000,영업비용,511900,외주용역비,511914,기타하청비,epark,2023-12-12 21:04:02.805000,epark,2023-12-12 21:04:02.805000,2023-12-23 01:08:04.132000
500000,비용,510000,영업비용,511900,외주용역비,511921,인력용역비,epark,2023-12-12 21:04:02.805000,epark,2023-12-12 21:04:02.805000,2023-12-23 01:08:04.132000
500000,비용,510000,영업비용,511900,외주용역비,511922,시설용역비,epark,2023-12-12 21:04:02.806000,epark,2023-12-12 21:04:02.806000,2023-12-23 01:08:04.132000
500000,비용,510000,영업비용,511900,외주용역비,511923,보안용역비,epark,2023-12-12 21:04:02.807000,epark,2023-12-12 21:04:02.807000,2023-12-23 01:08:04.132000
500000,비용,510000,영업비용,511900,외주용역비,511924,경비료,epark,2023-12-12 21:04:02.808000,epark,2023-12-12 21:04:02.808000,2023-12-23 01:08:04.132000
500000,비용,510000,영업비용,511900,외주용역비,511931,항만TOC급여,epark,2023-12-12 21:04:02.810000,epark,2023-12-12 21:04:02.810000,2023-12-23 01:08:04.132000
500000,비용,510000,영업비용,511900,외주용역비,511932,항만TOC노임,epark,2023-12-12 21:04:02.811000,epark,2023-12-12 21:04:02.811000,2023-12-23 01:08:04.132000
500000,비용,510000,영업비용,511900,외주용역비,511933,항만TOC퇴직충당금,epark,2023-12-12 21:04:02.811000,epark,2023-12-12 21:04:02.811000,2023-12-23 01:08:04.132000
500000,비용,510000,영업비용,511900,외주용역비,511934,항만TOC관리운영비,epark,2023-12-12 21:04:02.812000,epark,2023-12-12 21:04:02.812000,2023-12-23 01:08:04.132000
500000,비용,510000,영업비용,511900,외주용역비,511941,선박 위탁관리비,epark,2023-12-12 21:04:02.813000,epark,2023-12-12 21:04:02.813000,2023-12-23 01:08:04.132000
500000,비용,510000,영업비용,511900,외주용역비,511942,폐기물처리용역비,epark,2023-12-12 21:04:02.814000,epark,2023-12-12 21:04:02.814000,2023-12-23 01:08:04.132000
500000,비용,510000,영업비용,511900,외주용역비,511951,내륙하역작업하청비,epark,2023-12-12 21:04:02.815000,epark,2023-12-12 21:04:02.815000,2023-12-23 01:08:04.132000
500000,비용,510000,영업비용,511900,외주용역비,511961,집배점 수수료,epark,2023-12-12 21:04:02.816000,epark,2023-12-12 21:04:02.816000,2023-12-23 01:08:04.132000
500000,비용,510000,영업비용,511900,외주용역비,511962,터미널 조업료,epark,2023-12-12 21:04:02.817000,epark,2023-12-12 21:04:02.817000,2023-12-23 01:08:04.132000
500000,비용,510000,영업비용,511900,외주용역비,511963,위탁수수료,epark,2023-12-12 21:04:02.818000,epark,2023-12-12 21:04:02.818000,2023-12-23 01:08:04.132000
500000,비용,510000,영업비용,511900,외주용역비,511964,분류작업비,epark,2023-12-12 21:04:02.819000,epark,2023-12-12 21:04:02.819000,2023-12-23 01:08:04.132000
500000,비용,510000,영업비용,511900,외주용역비,511971,위탁용역비,epark,2023-12-12 21:04:02.820000,epark,2023-12-12 21:04:02.820000,2023-12-23 01:08:04.132000
500000,비용,510000,영업비용,511900,외주용역비,511991,기타용역비,epark,2023-12-12 21:04:02.821000,epark,2023-12-12 21:04:02.821000,2023-12-23 01:08:04.132000
500000,비용,510000,영업비용,511900,외주용역비,511992,통관료,epark,2023-12-12 21:04:02.822000,epark,2023-12-12 21:04:02.822000,2023-12-23 01:08:04.132000
500000,비용,510000,영업비용,511900,외주용역비,511993,해외파트너 위탁용역비,epark,2023-12-12 21:04:02.823000,epark,2023-12-12 21:04:02.823000,2023-12-23 01:08:04.132000
500000,비용,510000,영업비용,512000,상품원가,512011,택배상품원가,epark,2023-12-12 21:04:02.824000,epark,2023-12-12 21:04:02.824000,2023-12-23 01:08:04.132000
500000,비용,510000,영업비용,512000,상품원가,512021,정비상품원가(부품),epark,2023-12-12 21:04:02.825000,epark,2023-12-12 21:04:02.825000,2023-12-23 01:08:04.132000
500000,비용,510000,영업비용,512000,상품원가,512031,기타상품원가,epark,2023-12-12 21:04:02.826000,epark,2023-12-12 21:04:02.826000,2023-12-23 01:08:04.132000
500000,비용,510000,영업비용,512000,상품원가,512041,상품원가-미군유류,epark,2023-12-12 21:04:02.827000,epark,2023-12-12 21:04:02.827000,2023-12-23 01:08:04.132000
500000,비용,510000,영업비용,512000,상품원가,512051,상품원가-이하넥스,epark,2023-12-12 21:04:02.828000,epark,2023-12-12 21:04:02.828000,2023-12-23 01:08:04.132000
500000,비용,510000,영업비용,512100,연료유류비,512111,경유,epark,2023-12-12 21:04:02.829000,epark,2023-12-12 21:04:02.829000,2023-12-23 01:08:04.132000
500000,비용,510000,영업비용,512100,연료유류비,512121,선박 연료유,epark,2023-12-12 21:04:02.830000,epark,2023-12-12 21:04:02.830000,2023-12-23 01:08:04.132000
500000,비용,510000,영업비용,512100,연료유류비,512122,선박 윤활유,epark,2023-12-12 21:04:02.831000,epark,2023-12-12 21:04:02.831000,2023-12-23 01:08:04.132000
500000,비용,510000,영업비용,512100,연료유류비,512131,휘발유,epark,2023-12-12 21:04:02.832000,epark,2023-12-12 21:04:02.832000,2023-12-23 01:08:04.132000
500000,비용,510000,영업비용,512100,연료유류비,512141,잡유,epark,2023-12-12 21:04:02.833000,epark,2023-12-12 21:04:02.833000,2023-12-23 01:08:04.132000
500000,비용,510000,영업비용,512100,연료유류비,512151,가스 (LPG),epark,2023-12-12 21:04:02.834000,epark,2023-12-12 21:04:02.834000,2023-12-23 01:08:04.132000
500000,비용,510000,영업비용,512100,연료유류비,512161,보관주입수수료,epark,2023-12-12 21:04:02.834000,epark,2023-12-12 21:04:02.834000,2023-12-23 01:08:04.132000
500000,비용,510000,영업비용,512100,연료유류비,512171,전가차충전,epark,2023-12-12 21:04:02.835000,epark,2023-12-12 21:04:02.835000,2023-12-23 01:08:04.132000
500000,비용,510000,영업비용,512100,연료유류비,512191,유류(온실가스),epark,2023-12-12 21:04:02.836000,epark,2023-12-12 21:04:02.836000,2023-12-23 01:08:04.132000
500000,비용,510000,영업비용,512200,재료비,512211,자재비,epark,2023-12-12 21:04:02.837000,epark,2023-12-12 21:04:02.837000,2023-12-23 01:08:04.132000
500000,비용,510000,영업비용,512200,재료비,512221,산업포장자재비,epark,2023-12-12 21:04:02.838000,epark,2023-12-12 21:04:02.838000,2023-12-23 01:08:04.132000
500000,비용,510000,영업비용,512200,재료비,512231,택배 운송장,epark,2023-12-12 21:04:02.839000,epark,2023-12-12 21:04:02.839000,2023-12-23 01:08:04.132000
500000,비용,510000,영업비용,512200,재료비,512241,연안해송자재비,epark,2023-12-12 21:04:02.840000,epark,2023-12-12 21:04:02.840000,2023-12-23 01:08:04.132000
500000,비용,510000,영업비용,512200,재료비,512251,내륙하역자재비,epark,2023-12-12 21:04:02.841000,epark,2023-12-12 21:04:02.841000,2023-12-23 01:08:04.132000
500000,비용,510000,영업비용,512300,수리비,512311,장비부속부품대,epark,2023-12-12 21:04:02.842000,epark,2023-12-12 21:04:02.842000,2023-12-23 01:08:04.132000
500000,비용,510000,영업비용,512300,수리비,512321,현지수리비,epark,2023-12-12 21:04:02.843000,epark,2023-12-12 21:04:02.843000,2023-12-23 01:08:04.132000
500000,비용,510000,영업비용,512300,수리비,512331,세차세탁비,epark,2023-12-12 21:04:02.844000,epark,2023-12-12 21:04:02.844000,2023-12-23 01:08:04.132000
500000,비용,510000,영업비용,512300,수리비,512341,외주수리비,epark,2023-12-12 21:04:02.845000,epark,2023-12-12 21:04:02.845000,2023-12-23 01:08:04.132000
500000,비용,510000,영업비용,512300,수리비,512351,타이어튜브비,epark,2023-12-12 21:04:02.846000,epark,2023-12-12 21:04:02.846000,2023-12-23 01:08:04.132000
500000,비용,510000,영업비용,512300,수리비,512361,타이어튜브수리비,epark,2023-12-12 21:04:02.847000,epark,2023-12-12 21:04:02.847000,2023-12-23 01:08:04.132000
500000,비용,510000,영업비용,512300,수리비,512371,선박수리비,epark,2023-12-12 21:04:02.848000,epark,2023-12-12 21:04:02.848000,2023-12-23 01:08:04.132000
500000,비용,510000,영업비용,512300,수리비,512391,기타수리비,epark,2023-12-12 21:04:02.849000,epark,2023-12-12 21:04:02.849000,2023-12-23 01:08:04.132000
500000,비용,510000,영업비용,512400,선박항비,512411,선박항비,epark,2023-12-12 21:04:02.849000,epark,2023-12-12 21:04:02.849000,2023-12-23 01:08:04.132000
500000,비용,510000,영업비용,512500,도로사용료,512511,도로사용료,epark,2023-12-12 21:04:02.850000,epark,2023-12-12 21:04:02.850000,2023-12-23 01:08:04.132000
500000,비용,510000,영업비용,512600,지급운임,512611,협력업체 용차임,epark,2023-12-12 21:04:02.852000,epark,2023-12-12 21:04:02.852000,2023-12-23 01:08:04.132000
500000,비용,510000,영업비용,512600,지급운임,512612,개별차량 용차임,epark,2023-12-12 21:04:02.852000,epark,2023-12-12 21:04:02.852000,2023-12-23 01:08:04.132000
500000,비용,510000,영업비용,512600,지급운임,512613,용차임,epark,2023-12-12 21:04:02.854000,epark,2023-12-12 21:04:02.854000,2023-12-23 01:08:04.132000
500000,비용,510000,영업비용,512600,지급운임,512621,철송임,epark,2023-12-12 21:04:02.854000,epark,2023-12-12 21:04:02.854000,2023-12-23 01:08:04.132000
500000,비용,510000,영업비용,512600,지급운임,512622,육운 상하차료,epark,2023-12-12 21:04:02.855000,epark,2023-12-12 21:04:02.855000,2023-12-23 01:08:04.132000
500000,비용,510000,영업비용,512600,지급운임,512623,육운 검수경비,epark,2023-12-12 21:04:02.857000,epark,2023-12-12 21:04:02.857000,2023-12-23 01:08:04.132000
500000,비용,510000,영업비용,512600,지급운임,512631,중장비용차임,epark,2023-12-12 21:04:02.857000,epark,2023-12-12 21:04:02.857000,2023-12-23 01:08:04.132000
500000,비용,510000,영업비용,512600,지급운임,512641,선박운임,epark,2023-12-12 21:04:02.858000,epark,2023-12-12 21:04:02.858000,2023-12-23 01:08:04.132000
500000,비용,510000,영업비용,512600,지급운임,512651,항공운임,epark,2023-12-12 21:04:02.859000,epark,2023-12-12 21:04:02.859000,2023-12-23 01:08:04.132000
500000,비용,510000,영업비용,512600,지급운임,512691,지급운임(리스),epark,2023-12-12 21:04:02.860000,epark,2023-12-12 21:04:02.860000,2023-12-23 01:08:04.132000
500000,비용,510000,영업비용,512700,용선임,512711,용선임,epark,2023-12-12 21:04:02.861000,epark,2023-12-12 21:04:02.861000,2023-12-23 01:08:04.132000
500000,비용,510000,영업비용,512800,작업비,512811,화물운송작업비,epark,2023-12-12 21:04:02.862000,epark,2023-12-12 21:04:02.862000,2023-12-23 01:08:04.132000
500000,비용,510000,영업비용,512800,작업비,512821,작업비,epark,2023-12-12 21:04:02.863000,epark,2023-12-12 21:04:02.863000,2023-12-23 01:08:04.132000
500000,비용,510000,영업비용,512800,작업비,512831,내륙하역작업비,epark,2023-12-12 21:04:02.864000,epark,2023-12-12 21:04:02.864000,2023-12-23 01:08:04.132000
500000,비용,510000,영업비용,512800,작업비,512841,사고경비,epark,2023-12-12 21:04:02.865000,epark,2023-12-12 21:04:02.865000,2023-12-23 01:08:04.132000
500000,비용,510000,영업비용,512800,작업비,512891,기타작업비,epark,2023-12-12 21:04:02.866000,epark,2023-12-12 21:04:02.866000,2023-12-23 01:08:04.132000
500000,비용,510000,영업비용,512800,작업비,512892,작업비(리스),epark,2023-12-12 21:04:02.867000,epark,2023-12-12 21:04:02.867000,2023-12-23 01:08:04.132000
500000,비용,510000,영업비용,512900,위수탁용역비,512911,위수탁차량 용차임,epark,2023-12-12 21:04:02.868000,epark,2023-12-12 21:04:02.868000,2023-12-23 01:08:04.132000
500000,비용,510000,영업비용,512900,위수탁용역비,512921,자가차량 용차임,epark,2023-12-12 21:04:02.869000,epark,2023-12-12 21:04:02.869000,2023-12-23 01:08:04.132000
500000,비용,510000,영업비용,512900,위수탁용역비,512991,위수탁차량용차임(리스),epark,2023-12-12 21:04:02.870000,epark,2023-12-12 21:04:02.870000,2023-12-23 01:08:04.132000
500000,비용,510000,영업비용,513000,전산비,513011,데이터 회선료,epark,2023-12-12 21:04:02.871000,epark,2023-12-12 21:04:02.871000,2023-12-23 01:08:04.132000
500000,비용,510000,영업비용,513000,전산비,513021,전산소모품비,epark,2023-12-12 21:04:02.872000,epark,2023-12-12 21:04:02.872000,2023-12-23 01:08:04.132000
500000,비용,510000,영업비용,513000,전산비,513031,전산장비유지관리비,epark,2023-12-12 21:04:02.873000,epark,2023-12-12 21:04:02.873000,2023-12-23 01:08:04.132000
500000,비용,510000,영업비용,513000,전산비,513041,전산개발용역비,epark,2023-12-12 21:04:02.874000,epark,2023-12-12 21:04:02.874000,2023-12-23 01:08:04.132000
500000,비용,510000,영업비용,514100,임차료,514111,"건물,대지임차료",epark,2023-12-12 21:04:02.875000,epark,2023-12-12 21:04:02.875000,2023-12-23 01:08:04.132000
500000,비용,510000,영업비용,514100,임차료,514121,"부두,부지임차료",epark,2023-12-12 21:04:02.876000,epark,2023-12-12 21:04:02.876000,2023-12-23 01:08:04.132000
500000,비용,510000,영업비용,514100,임차료,514131,선박임차료,epark,2023-12-12 21:04:02.877000,epark,2023-12-12 21:04:02.877000,2023-12-23 01:08:04.132000
500000,비용,510000,영업비용,514100,임차료,514141,소액리스료,epark,2023-12-12 21:04:02.878000,epark,2023-12-12 21:04:02.878000,2023-12-23 01:08:04.132000
500000,비용,510000,영업비용,514100,임차료,514191,임차료(리스),epark,2023-12-12 21:04:02.879000,epark,2023-12-12 21:04:02.879000,2023-12-23 01:08:04.132000
500000,비용,510000,영업비용,514200,보험료,514211,차량보험료,epark,2023-12-12 21:04:02.880000,epark,2023-12-12 21:04:02.880000,2023-12-23 01:08:04.132000
500000,비용,510000,영업비용,514200,보험료,514221,선박보험료,epark,2023-12-12 21:04:02.881000,epark,2023-12-12 21:04:02.881000,2023-12-23 01:08:04.132000
500000,비용,510000,영업비용,514200,보험료,514231,동산보험료,epark,2023-12-12 21:04:02.882000,epark,2023-12-12 21:04:02.882000,2023-12-23 01:08:04.132000
500000,비용,510000,영업비용,514200,보험료,514241,배상책임보험료,epark,2023-12-12 21:04:02.883000,epark,2023-12-12 21:04:02.883000,2023-12-23 01:08:04.132000
500000,비용,510000,영업비용,514200,보험료,514251,화물적하보험료,epark,2023-12-12 21:04:02.884000,epark,2023-12-12 21:04:02.884000,2023-12-23 01:08:04.132000
500000,비용,510000,영업비용,514200,보험료,514261,화재보험료,epark,2023-12-12 21:04:02.885000,epark,2023-12-12 21:04:02.885000,2023-12-23 01:08:04.132000
500000,비용,510000,영업비용,514200,보험료,514271,인보험료,epark,2023-12-12 21:04:02.886000,epark,2023-12-12 21:04:02.886000,2023-12-23 01:08:04.132000
500000,비용,510000,영업비용,514200,보험료,514281,재산종합보험료,epark,2023-12-12 21:04:02.887000,epark,2023-12-12 21:04:02.887000,2023-12-23 01:08:04.132000
500000,비용,510000,영업비용,514200,보험료,514291,기타보험료,epark,2023-12-12 21:04:02.888000,epark,2023-12-12 21:04:02.888000,2023-12-23 01:08:04.132000
500000,비용,510000,영업비용,514300,사용권자산감가상각비,514311,사용권자산감가상각비,epark,2023-12-12 21:04:02.889000,epark,2023-12-12 21:04:02.889000,2023-12-23 01:08:04.132000
500000,비용,510000,영업비용,514300,사용권자산감가상각비,514321,투자부동산감가상각비(리스),epark,2023-12-12 21:04:02.890000,epark,2023-12-12 21:04:02.890000,2023-12-23 01:08:04.132000
500000,비용,510000,영업비용,514400,감가상각비,514411,감가상각비(건물),epark,2023-12-12 21:04:02.891000,epark,2023-12-12 21:04:02.891000,2023-12-23 01:08:04.132000
500000,비용,510000,영업비용,514400,감가상각비,514421,감가상각비(구축물),epark,2023-12-12 21:04:02.891000,epark,2023-12-12 21:04:02.891000,2023-12-23 01:08:04.132000
500000,비용,510000,영업비용,514400,감가상각비,514431,감가상각비(기계설비),epark,2023-12-12 21:04:02.893000,epark,2023-12-12 21:04:02.893000,2023-12-23 01:08:04.132000
500000,비용,510000,영업비용,514400,감가상각비,514441,감가상각비(선박),epark,2023-12-12 21:04:02.894000,epark,2023-12-12 21:04:02.894000,2023-12-23 01:08:04.132000
500000,비용,510000,영업비용,514400,감가상각비,514451,감가상각비(차량운반구),epark,2023-12-12 21:04:02.895000,epark,2023-12-12 21:04:02.895000,2023-12-23 01:08:04.132000
500000,비용,510000,영업비용,514400,감가상각비,514461,감가상각비(공구와비품),epark,2023-12-12 21:04:02.896000,epark,2023-12-12 21:04:02.896000,2023-12-23 01:08:04.132000
500000,비용,510000,영업비용,514500,무형자산감가상각비,514511,무형자산상각비,epark,2023-12-12 21:04:02.897000,epark,2023-12-12 21:04:02.897000,2023-12-23 01:08:04.132000
500000,비용,510000,영업비용,514600,차량유지비,514611,업무용차량연료비,epark,2023-12-12 21:04:02.898000,epark,2023-12-12 21:04:02.898000,2023-12-23 01:08:04.132000
500000,비용,510000,영업비용,514600,차량유지비,514621,업무용차량수리유지비,epark,2023-12-12 21:04:02.898000,epark,2023-12-12 21:04:02.898000,2023-12-23 01:08:04.132000
500000,비용,510000,영업비용,514600,차량유지비,514631,업무용차량 렌트비,epark,2023-12-12 21:04:02.899000,epark,2023-12-12 21:04:02.899000,2023-12-23 01:08:04.132000
500000,비용,510000,영업비용,514600,차량유지비,514641,업무용차량 보험료,epark,2023-12-12 21:04:02.900000,epark,2023-12-12 21:04:02.900000,2023-12-23 01:08:04.132000
500000,비용,510000,영업비용,514600,차량유지비,514651,업무용차량제세공과금,epark,2023-12-12 21:04:02.901000,epark,2023-12-12 21:04:02.901000,2023-12-23 01:08:04.132000
500000,비용,510000,영업비용,514600,차량유지비,514691,업무용차량기타경비,epark,2023-12-12 21:04:02.902000,epark,2023-12-12 21:04:02.902000,2023-12-23 01:08:04.132000
500000,비용,510000,영업비용,514600,차량유지비,514692,차량유지비(리스),epark,2023-12-12 21:04:02.903000,epark,2023-12-12 21:04:02.903000,2023-12-23 01:08:04.132000
500000,비용,510000,영업비용,514700,소모품비,514711,소모성집기비품,epark,2023-12-12 21:04:02.904000,epark,2023-12-12 21:04:02.904000,2023-12-23 01:08:04.132000
500000,비용,510000,영업비용,514700,소모품비,514721,사무용품,epark,2023-12-12 21:04:02.905000,epark,2023-12-12 21:04:02.905000,2023-12-23 01:08:04.132000
500000,비용,510000,영업비용,514700,소모품비,514731,복사비,epark,2023-12-12 21:04:02.906000,epark,2023-12-12 21:04:02.906000,2023-12-23 01:08:04.132000
500000,비용,510000,영업비용,514700,소모품비,514741,선박용품비,epark,2023-12-12 21:04:02.907000,epark,2023-12-12 21:04:02.907000,2023-12-23 01:08:04.132000
500000,비용,510000,영업비용,514700,소모품비,514751,사업용 소모품비,epark,2023-12-12 21:04:02.908000,epark,2023-12-12 21:04:02.908000,2023-12-23 01:08:04.132000
500000,비용,510000,영업비용,514700,소모품비,514761,차량소모품비,epark,2023-12-12 21:04:02.909000,epark,2023-12-12 21:04:02.909000,2023-12-23 01:08:04.132000
500000,비용,510000,영업비용,514700,소모품비,514791,기타소모품비,epark,2023-12-12 21:04:02.910000,epark,2023-12-12 21:04:02.910000,2023-12-23 01:08:04.132000
500000,비용,510000,영업비용,514800,수선유지비,514811,건물수선유지비,epark,2023-12-12 21:04:02.911000,epark,2023-12-12 21:04:02.911000,2023-12-23 01:08:04.132000
500000,비용,510000,영업비용,514800,수선유지비,514812,보안 수선유지비,epark,2023-12-12 21:04:02.912000,epark,2023-12-12 21:04:02.912000,2023-12-23 01:08:04.132000
500000,비용,510000,영업비용,514800,수선유지비,514821,구축물수선유지비,epark,2023-12-12 21:04:02.913000,epark,2023-12-12 21:04:02.913000,2023-12-23 01:08:04.132000
500000,비용,510000,영업비용,514800,수선유지비,514831,비품수선유지비,epark,2023-12-12 21:04:02.914000,epark,2023-12-12 21:04:02.914000,2023-12-23 01:08:04.132000
500000,비용,510000,영업비용,514900,시설물관리및작업비,514911,시설물관리및작업비,epark,2023-12-12 21:04:02.915000,epark,2023-12-12 21:04:02.915000,2023-12-23 01:08:04.132000
500000,비용,510000,영업비용,514900,시설물관리및작업비,514912,특송시설용역비,epark,2023-12-12 21:04:02.916000,epark,2023-12-12 21:04:02.916000,2023-12-23 01:08:04.132000
500000,비용,510000,영업비용,514900,시설물관리및작업비,514913,특송보안용역비,epark,2023-12-12 21:04:02.917000,epark,2023-12-12 21:04:02.917000,2023-12-23 01:08:04.132000
500000,비용,510000,영업비용,514900,시설물관리및작업비,514914,특송경비료,epark,2023-12-12 21:04:02.918000,epark,2023-12-12 21:04:02.918000,2023-12-23 01:08:04.132000
500000,비용,510000,영업비용,515100,수도광열비,515111,전기사용료,epark,2023-12-12 21:04:02.919000,epark,2023-12-12 21:04:02.919000,2023-12-23 01:08:04.132000
500000,비용,510000,영업비용,515100,수도광열비,515121,상하수도사용료,epark,2023-12-12 21:04:02.920000,epark,2023-12-12 21:04:02.920000,2023-12-23 01:08:04.132000
500000,비용,510000,영업비용,515100,수도광열비,515131,냉난방비,epark,2023-12-12 21:04:02.921000,epark,2023-12-12 21:04:02.921000,2023-12-23 01:08:04.132000
500000,비용,510000,영업비용,515200,리스료,515211,시설장비리스료,epark,2023-12-12 21:04:02.922000,epark,2023-12-12 21:04:02.922000,2023-12-23 01:08:04.132000
500000,비용,510000,영업비용,515200,리스료,515221,리스부대비,epark,2023-12-12 21:04:02.923000,epark,2023-12-12 21:04:02.923000,2023-12-23 01:08:04.132000
500000,비용,510000,영업비용,515200,리스료,515291,리스료(리스),epark,2023-12-12 21:04:02.924000,epark,2023-12-12 21:04:02.924000,2023-12-23 01:08:04.132000
500000,비용,510000,영업비용,515400,지급수수료,515411,장비검사수수료,epark,2023-12-12 21:04:02.925000,epark,2023-12-12 21:04:02.925000,2023-12-23 01:08:04.132000
500000,비용,510000,영업비용,515400,지급수수료,515421,회계세무용역비,epark,2023-12-12 21:04:02.926000,epark,2023-12-12 21:04:02.926000,2023-12-23 01:08:04.132000
500000,비용,510000,영업비용,515400,지급수수료,515431,은행수수료,epark,2023-12-12 21:04:02.927000,epark,2023-12-12 21:04:02.927000,2023-12-23 01:08:04.132000
500000,비용,510000,영업비용,515400,지급수수료,515441,변호사용역비,epark,2023-12-12 21:04:02.928000,epark,2023-12-12 21:04:02.928000,2023-12-23 01:08:04.132000
500000,비용,510000,영업비용,515400,지급수수료,515451,대서수수료,epark,2023-12-12 21:04:02.929000,epark,2023-12-12 21:04:02.929000,2023-12-23 01:08:04.132000
500000,비용,510000,영업비용,515400,지급수수료,515461,카드수수료,epark,2023-12-12 21:04:02.930000,epark,2023-12-12 21:04:02.930000,2023-12-23 01:08:04.132000
500000,비용,510000,영업비용,515400,지급수수료,515471,주식수수료,epark,2023-12-12 21:04:02.931000,epark,2023-12-12 21:04:02.931000,2023-12-23 01:08:04.132000
500000,비용,510000,영업비용,515400,지급수수료,515481,안전보건수수료,epark,2023-12-12 21:04:02.931000,epark,2023-12-12 21:04:02.931000,2023-12-23 01:08:04.132000
500000,비용,510000,영업비용,515400,지급수수료,515491,기타지급수수료,epark,2023-12-12 21:04:02.932000,epark,2023-12-12 21:04:02.932000,2023-12-23 01:08:04.132000
500000,비용,510000,영업비용,515500,판매수수료,515511,판매수수료,epark,2023-12-12 21:04:02.933000,epark,2023-12-12 21:04:02.933000,2023-12-23 01:08:04.132000
500000,비용,510000,영업비용,515500,판매수수료,515521,택배취급점수수료,epark,2023-12-12 21:04:02.934000,epark,2023-12-12 21:04:02.934000,2023-12-23 01:08:04.132000
500000,비용,510000,영업비용,515500,판매수수료,515531,기타판매수수료,epark,2023-12-12 21:04:02.935000,epark,2023-12-12 21:04:02.935000,2023-12-23 01:08:04.132000
500000,비용,510000,영업비용,515600,판매촉진비,515611,판매촉진비,epark,2023-12-12 21:04:02.936000,epark,2023-12-12 21:04:02.936000,2023-12-23 01:08:04.132000
500000,비용,510000,영업비용,515600,판매촉진비,515621,글로벌판매촉진비,epark,2023-12-12 21:04:02.937000,epark,2023-12-12 21:04:02.937000,2023-12-23 01:08:04.132000
500000,비용,510000,영업비용,515600,판매촉진비,515631,판매원활동비,epark,2023-12-12 21:04:02.938000,epark,2023-12-12 21:04:02.938000,2023-12-23 01:08:04.132000
500000,비용,510000,영업비용,515700,광고선전비,515711,광고매체비,epark,2023-12-12 21:04:02.939000,epark,2023-12-12 21:04:02.939000,2023-12-23 01:08:04.132000
500000,비용,510000,영업비용,515700,광고선전비,515721,선전물 제작비,epark,2023-12-12 21:04:02.940000,epark,2023-12-12 21:04:02.940000,2023-12-23 01:08:04.132000
500000,비용,510000,영업비용,515700,광고선전비,515731,선전물 설치유지비,epark,2023-12-12 21:04:02.941000,epark,2023-12-12 21:04:02.941000,2023-12-23 01:08:04.132000
500000,비용,510000,영업비용,515700,광고선전비,515741,홍보비,epark,2023-12-12 21:04:02.942000,epark,2023-12-12 21:04:02.942000,2023-12-23 01:08:04.132000
500000,비용,510000,영업비용,515700,광고선전비,515791,택배차량 광고비,epark,2023-12-12 21:04:02.943000,epark,2023-12-12 21:04:02.943000,2023-12-23 01:08:04.132000
500000,비용,510000,영업비용,515700,광고선전비,515792,물류차량 광고비,epark,2023-12-12 21:04:02.944000,epark,2023-12-12 21:04:02.944000,2023-12-23 01:08:04.132000
500000,비용,510000,영업비용,515900,전산통신비,515911,유 ·무선 전화사용료,epark,2023-12-12 21:04:02.945000,epark,2023-12-12 21:04:02.945000,2023-12-23 01:08:04.132000
500000,비용,510000,영업비용,515900,전산통신비,515912,판매원통신비,epark,2023-12-12 21:04:02.946000,epark,2023-12-12 21:04:02.946000,2023-12-23 01:08:04.132000
500000,비용,510000,영업비용,515900,전산통신비,515921,전용회선료,epark,2023-12-12 21:04:02.947000,epark,2023-12-12 21:04:02.947000,2023-12-23 01:08:04.132000
500000,비용,510000,영업비용,515900,전산통신비,515931,EDI 사용료,epark,2023-12-12 21:04:02.948000,epark,2023-12-12 21:04:02.948000,2023-12-23 01:08:04.132000
500000,비용,510000,영업비용,515900,전산통신비,515941,통신장비설치유지비,epark,2023-12-12 21:04:02.949000,epark,2023-12-12 21:04:02.949000,2023-12-23 01:08:04.132000
500000,비용,510000,영업비용,515900,전산통신비,515951,문서송달료,epark,2023-12-12 21:04:02.950000,epark,2023-12-12 21:04:02.950000,2023-12-23 01:08:04.132000
500000,비용,510000,영업비용,516100,교육훈련비,516111,대외위탁교육비,epark,2023-12-12 21:04:02.951000,epark,2023-12-12 21:04:02.951000,2023-12-23 01:08:04.132000
500000,비용,510000,영업비용,516100,교육훈련비,516121,사내교육운영비,epark,2023-12-12 21:04:02.952000,epark,2023-12-12 21:04:02.952000,2023-12-23 01:08:04.132000
500000,비용,510000,영업비용,516100,교육훈련비,516131,교육출장비,epark,2023-12-12 21:04:02.952000,epark,2023-12-12 21:04:02.952000,2023-12-23 01:08:04.132000
500000,비용,510000,영업비용,516100,교육훈련비,516141,"교재제작,구입비",epark,2023-12-12 21:04:02.953000,epark,2023-12-12 21:04:02.953000,2023-12-23 01:08:04.132000
500000,비용,510000,영업비용,516100,교육훈련비,516151,강사료,epark,2023-12-12 21:04:02.954000,epark,2023-12-12 21:04:02.954000,2023-12-23 01:08:04.132000
500000,비용,510000,영업비용,516100,교육훈련비,516161,고시관리비,epark,2023-12-12 21:04:02.955000,epark,2023-12-12 21:04:02.955000,2023-12-23 01:08:04.132000
500000,비용,510000,영업비용,516100,교육훈련비,516191,기타 교육비,epark,2023-12-12 21:04:02.956000,epark,2023-12-12 21:04:02.956000,2023-12-23 01:08:04.132000
500000,비용,510000,영업비용,516100,교육훈련비,516192,인력모집비,epark,2023-12-12 21:04:02.957000,epark,2023-12-12 21:04:02.957000,2023-12-23 01:08:04.132000
500000,비용,510000,영업비용,516500,제세공과금,516511,차량세,epark,2023-12-12 21:04:02.958000,epark,2023-12-12 21:04:02.958000,2023-12-23 01:08:04.132000
500000,비용,510000,영업비용,516500,제세공과금,516521,종업원할 사업소세,epark,2023-12-12 21:04:02.959000,epark,2023-12-12 21:04:02.959000,2023-12-23 01:08:04.132000
500000,비용,510000,영업비용,516500,제세공과금,516531,재산세 및 지방세,epark,2023-12-12 21:04:02.960000,epark,2023-12-12 21:04:02.960000,2023-12-23 01:08:04.132000
500000,비용,510000,영업비용,516500,제세공과금,516541,수입인지대,epark,2023-12-12 21:04:02.961000,epark,2023-12-12 21:04:02.961000,2023-12-23 01:08:04.132000
500000,비용,510000,영업비용,516500,제세공과금,516551,단체회비,epark,2023-12-12 21:04:02.962000,epark,2023-12-12 21:04:02.962000,2023-12-23 01:08:04.132000
500000,비용,510000,영업비용,516500,제세공과금,516561,조합비,epark,2023-12-12 21:04:02.963000,epark,2023-12-12 21:04:02.963000,2023-12-23 01:08:04.132000
500000,비용,510000,영업비용,516500,제세공과금,516571,벌과금,epark,2023-12-12 21:04:02.964000,epark,2023-12-12 21:04:02.964000,2023-12-23 01:08:04.132000
500000,비용,510000,영업비용,516500,제세공과금,516581,안전벌과금,epark,2023-12-12 21:04:02.965000,epark,2023-12-12 21:04:02.965000,2023-12-23 01:08:04.132000
500000,비용,510000,영업비용,516500,제세공과금,516591,기타제세 및 공과금,epark,2023-12-12 21:04:02.966000,epark,2023-12-12 21:04:02.966000,2023-12-23 01:08:04.132000
500000,비용,510000,영업비용,517200,도서인쇄비,517211,도서구입비,epark,2023-12-12 21:04:02.966000,epark,2023-12-12 21:04:02.966000,2023-12-23 01:08:04.132000
500000,비용,510000,영업비용,517200,도서인쇄비,517221,구독료,epark,2023-12-12 21:04:02.967000,epark,2023-12-12 21:04:02.967000,2023-12-23 01:08:04.132000
500000,비용,510000,영업비용,517200,도서인쇄비,517231,인쇄물비,epark,2023-12-12 21:04:02.968000,epark,2023-12-12 21:04:02.968000,2023-12-23 01:08:04.132000
500000,비용,510000,영업비용,517400,여비교통비,517411,시내교통비,epark,2023-12-12 21:04:02.969000,epark,2023-12-12 21:04:02.969000,2023-12-23 01:08:04.132000
500000,비용,510000,영업비용,517400,여비교통비,517421,국내출장비,epark,2023-12-12 21:04:02.970000,epark,2023-12-12 21:04:02.970000,2023-12-23 01:08:04.132000
500000,비용,510000,영업비용,517400,여비교통비,517431,해외출장비,epark,2023-12-12 21:04:02.972000,epark,2023-12-12 21:04:02.972000,2023-12-23 01:08:04.132000
500000,비용,510000,영업비용,517400,여비교통비,517441,판촉교통비,epark,2023-12-12 21:04:02.973000,epark,2023-12-12 21:04:02.973000,2023-12-23 01:08:04.132000
500000,비용,510000,영업비용,517400,여비교통비,517451,통근보조비,epark,2023-12-12 21:04:02.974000,epark,2023-12-12 21:04:02.974000,2023-12-23 01:08:04.132000
500000,비용,510000,영업비용,517400,여비교통비,517461,이전비,epark,2023-12-12 21:04:02.971000,epark,2023-12-12 21:04:02.971000,2023-12-23 01:08:04.132000
500000,비용,510000,영업비용,517700,접대비,517711,접대비,epark,2023-12-12 21:04:02.975000,epark,2023-12-12 21:04:02.975000,2023-12-23 01:08:04.132000
500000,비용,510000,영업비용,517700,접대비,517721,해외고객접대비,epark,2023-12-12 21:04:02.976000,epark,2023-12-12 21:04:02.976000,2023-12-23 01:08:04.132000
500000,비용,510000,영업비용,517700,접대비,517731,선물대,epark,2023-12-12 21:04:02.977000,epark,2023-12-12 21:04:02.977000,2023-12-23 01:08:04.132000
500000,비용,510000,영업비용,517700,접대비,517741,기밀비,epark,2023-12-12 21:04:02.978000,epark,2023-12-12 21:04:02.978000,2023-12-23 01:08:04.132000
500000,비용,510000,영업비용,517800,정비공임,517811,정비공임,epark,2023-12-12 21:04:02.979000,epark,2023-12-12 21:04:02.979000,2023-12-23 01:08:04.132000
500000,비용,510000,영업비용,517900,대손상각비,517911,대손상각비,epark,2023-12-12 21:04:02.980000,epark,2023-12-12 21:04:02.980000,2023-12-23 01:08:04.132000
500000,비용,510000,영업비용,518100,기타영업비용,518111,승객서비스비,epark,2023-12-12 21:04:02.981000,epark,2023-12-12 21:04:02.981000,2023-12-23 01:08:04.132000
500000,비용,510000,영업비용,518100,기타영업비용,518121,경조금,epark,2023-12-12 21:04:02.982000,epark,2023-12-12 21:04:02.982000,2023-12-23 01:08:04.132000
500000,비용,510000,영업비용,518100,기타영업비용,518122,택배집배점 경조금,epark,2023-12-12 21:04:02.983000,epark,2023-12-12 21:04:02.983000,2023-12-23 01:08:04.132000
500000,비용,510000,영업비용,518100,기타영업비용,518123,택배집배점 건강검진비,epark,2023-12-12 21:04:02.983000,epark,2023-12-12 21:04:02.983000,2023-12-23 01:08:04.132000
500000,비용,510000,영업비용,518100,기타영업비용,518124,택배집배점 지원비,epark,2023-12-12 21:04:02.984000,epark,2023-12-12 21:04:02.984000,2023-12-23 01:08:04.132000
500000,비용,510000,영업비용,518100,기타영업비용,518131,내객용 음료비,epark,2023-12-12 21:04:02.985000,epark,2023-12-12 21:04:02.985000,2023-12-23 01:08:04.132000
500000,비용,510000,영업비용,518100,기타영업비용,518141,행사 및 회의비,epark,2023-12-12 21:04:02.986000,epark,2023-12-12 21:04:02.986000,2023-12-23 01:08:04.132000
500000,비용,510000,영업비용,518100,기타영업비용,518142,안전보안활동비,epark,2023-12-12 21:04:02.987000,epark,2023-12-12 21:04:02.987000,2023-12-23 01:08:04.132000
500000,비용,510000,영업비용,518100,기타영업비용,518151,대외공고비,epark,2023-12-12 21:04:02.988000,epark,2023-12-12 21:04:02.988000,2023-12-23 01:08:04.132000
500000,비용,510000,영업비용,518100,기타영업비용,518171,사무실이전비,epark,2023-12-12 21:04:02.989000,epark,2023-12-12 21:04:02.989000,2023-12-23 01:08:04.132000
500000,비용,510000,영업비용,518100,기타영업비용,518181,제안활동비,epark,2023-12-12 21:04:02.990000,epark,2023-12-12 21:04:02.990000,2023-12-23 01:08:04.132000
500000,비용,510000,영업비용,518100,기타영업비용,518191,잡경비,epark,2023-12-12 21:04:02.991000,epark,2023-12-12 21:04:02.991000,2023-12-23 01:08:04.132000
500000,비용,520000,영업외비용,521100,이자비용,521111,이자비용(원화장기차입),epark,2023-12-12 21:04:02.992000,epark,2023-12-12 21:04:02.992000,2023-12-23 01:08:04.132000
500000,비용,520000,영업외비용,521100,이자비용,521112,이자비용(외화장기차입),epark,2023-12-12 21:04:02.993000,epark,2023-12-12 21:04:02.993000,2023-12-23 01:08:04.132000
500000,비용,520000,영업외비용,521100,이자비용,521113,이자비용(사채),epark,2023-12-12 21:04:02.994000,epark,2023-12-12 21:04:02.994000,2023-12-23 01:08:04.132000
500000,비용,520000,영업외비용,521100,이자비용,521121,이자비용(단기차입금),epark,2023-12-12 21:04:02.995000,epark,2023-12-12 21:04:02.995000,2023-12-23 01:08:04.132000
500000,비용,520000,영업외비용,521100,이자비용,521122,이자비용(당좌차월),epark,2023-12-12 21:04:02.996000,epark,2023-12-12 21:04:02.996000,2023-12-23 01:08:04.132000
500000,비용,520000,영업외비용,521100,이자비용,521131,이자비용(현할차상각),epark,2023-12-12 21:04:02.997000,epark,2023-12-12 21:04:02.997000,2023-12-23 01:08:04.132000
500000,비용,520000,영업외비용,521100,이자비용,521191,이자비용(기타),epark,2023-12-12 21:04:02.998000,epark,2023-12-12 21:04:02.998000,2023-12-23 01:08:04.132000
500000,비용,520000,영업외비용,521200,기타금융비용,521211,원화장기차입금 지급보증료,epark,2023-12-12 21:04:02.998000,epark,2023-12-12 21:04:02.998000,2023-12-23 01:08:04.132000
500000,비용,520000,영업외비용,521200,기타금융비용,521212,외화장기차입금 지급보증료,epark,2023-12-12 21:04:03.000000,epark,2023-12-12 21:04:03.000000,2023-12-23 01:08:04.132000
500000,비용,520000,영업외비용,521200,기타금융비용,521213,기타금융수수료,epark,2023-12-12 21:04:03.001000,epark,2023-12-12 21:04:03.001000,2023-12-23 01:08:04.132000
500000,비용,520000,영업외비용,521200,기타금융비용,521214,리스이자비용,epark,2023-12-12 21:04:03.002000,epark,2023-12-12 21:04:03.002000,2023-12-23 01:08:04.132000
500000,비용,520000,영업외비용,521200,기타금융비용,521215,기타지급보증료,epark,2023-12-12 21:04:03.003000,epark,2023-12-12 21:04:03.003000,2023-12-23 01:08:04.132000
500000,비용,520000,영업외비용,521200,기타금융비용,521216,장기금융상품평가손실,epark,2023-12-12 21:04:03.004000,epark,2023-12-12 21:04:03.004000,2023-12-23 01:08:04.132000
500000,비용,520000,영업외비용,521200,기타금융비용,521221,파생상품거래손실,epark,2023-12-12 21:04:03.005000,epark,2023-12-12 21:04:03.005000,2023-12-23 01:08:04.132000
500000,비용,520000,영업외비용,521200,기타금융비용,521222,파생상품평가손실,epark,2023-12-12 21:04:03.006000,epark,2023-12-12 21:04:03.006000,2023-12-23 01:08:04.132000
500000,비용,520000,영업외비용,521200,기타금융비용,521231,사채상환손실,epark,2023-12-12 21:04:03.007000,epark,2023-12-12 21:04:03.007000,2023-12-23 01:08:04.132000
500000,비용,520000,영업외비용,522100,기부금,522111,일반기부금,epark,2023-12-12 21:04:03.029000,epark,2023-12-12 21:04:03.029000,2023-12-23 01:08:04.132000
500000,비용,520000,영업외비용,522100,기부금,522112,근로복지기금,epark,2023-12-12 21:04:03.030000,epark,2023-12-12 21:04:03.030000,2023-12-23 01:08:04.132000
500000,비용,520000,영업외비용,522100,기부금,522113,예비군운영비,epark,2023-12-12 21:04:03.031000,epark,2023-12-12 21:04:03.031000,2023-12-23 01:08:04.132000
500000,비용,520000,영업외비용,522100,기부금,522114,대외장학금,epark,2023-12-12 21:04:03.032000,epark,2023-12-12 21:04:03.032000,2023-12-23 01:08:04.132000
500000,비용,520000,영업외비용,523100,대손상각비_기타,523111,미수금대손상각비,epark,2023-12-12 21:04:03.033000,epark,2023-12-12 21:04:03.033000,2023-12-23 01:08:04.132000
500000,비용,520000,영업외비용,524100,외환차손및환산손실,524111,외환차손,epark,2023-12-12 21:04:03.007000,epark,2023-12-12 21:04:03.007000,2023-12-23 01:08:04.132000
500000,비용,520000,영업외비용,524100,외환차손및환산손실,524121,외화환산손실,epark,2023-12-12 21:04:03.008000,epark,2023-12-12 21:04:03.008000,2023-12-23 01:08:04.132000
500000,비용,520000,영업외비용,525100,자산처분및평가손실,525111,유형자산처분손실,epark,2023-12-12 21:04:03.009000,epark,2023-12-12 21:04:03.009000,2023-12-23 01:08:04.132000
500000,비용,520000,영업외비용,525100,자산처분및평가손실,525112,무형자산처분손실,epark,2023-12-12 21:04:03.010000,epark,2023-12-12 21:04:03.010000,2023-12-23 01:08:04.132000
500000,비용,520000,영업외비용,525100,자산처분및평가손실,525113,투자부동산처분손실,epark,2023-12-12 21:04:03.011000,epark,2023-12-12 21:04:03.011000,2023-12-23 01:08:04.132000
500000,비용,520000,영업외비용,525100,자산처분및평가손실,525114,사용권자산처분손실,epark,2023-12-12 21:04:03.012000,epark,2023-12-12 21:04:03.012000,2023-12-23 01:08:04.132000
500000,비용,520000,영업외비용,525100,자산처분및평가손실,525115,매각예정자산처분손실,epark,2023-12-12 21:04:03.013000,epark,2023-12-12 21:04:03.013000,2023-12-23 01:08:04.132000
500000,비용,520000,영업외비용,525100,자산처분및평가손실,525119,기타자산처분손실,epark,2023-12-12 21:04:03.014000,epark,2023-12-12 21:04:03.014000,2023-12-23 01:08:04.132000
500000,비용,520000,영업외비용,525100,자산처분및평가손실,525121,종속기업투자처분손실,epark,2023-12-12 21:04:03.015000,epark,2023-12-12 21:04:03.015000,2023-12-23 01:08:04.132000
500000,비용,520000,영업외비용,525100,자산처분및평가손실,525122,관계기업투자처분손실,epark,2023-12-12 21:04:03.016000,epark,2023-12-12 21:04:03.016000,2023-12-23 01:08:04.132000
500000,비용,520000,영업외비용,525100,자산처분및평가손실,525123,공동기업투자처분손실,epark,2023-12-12 21:04:03.018000,epark,2023-12-12 21:04:03.018000,2023-12-23 01:08:04.132000
500000,비용,520000,영업외비용,525100,자산처분및평가손실,525124,기타투자자산처분손실,epark,2023-12-12 21:04:03.019000,epark,2023-12-12 21:04:03.019000,2023-12-23 01:08:04.132000
500000,비용,520000,영업외비용,525100,자산처분및평가손실,525131,유형자산손상차손,epark,2023-12-12 21:04:03.020000,epark,2023-12-12 21:04:03.020000,2023-12-23 01:08:04.132000
500000,비용,520000,영업외비용,525100,자산처분및평가손실,525132,무형자산손상차손,epark,2023-12-12 21:04:03.021000,epark,2023-12-12 21:04:03.021000,2023-12-23 01:08:04.132000
500000,비용,520000,영업외비용,525100,자산처분및평가손실,525133,투자부동산손상차손,epark,2023-12-12 21:04:03.022000,epark,2023-12-12 21:04:03.022000,2023-12-23 01:08:04.132000
500000,비용,520000,영업외비용,525100,자산처분및평가손실,525134,사용권자산손상차손,epark,2023-12-12 21:04:03.023000,epark,2023-12-12 21:04:03.023000,2023-12-23 01:08:04.132000
500000,비용,520000,영업외비용,525100,자산처분및평가손실,525141,종속기업투자손상차손,epark,2023-12-12 21:04:03.024000,epark,2023-12-12 21:04:03.024000,2023-12-23 01:08:04.132000
500000,비용,520000,영업외비용,525100,자산처분및평가손실,525142,관계기업투자손상차손,epark,2023-12-12 21:04:03.025000,epark,2023-12-12 21:04:03.025000,2023-12-23 01:08:04.132000
500000,비용,520000,영업외비용,525100,자산처분및평가손실,525143,공동기업투자손상차손,epark,2023-12-12 21:04:03.026000,epark,2023-12-12 21:04:03.026000,2023-12-23 01:08:04.132000
500000,비용,520000,영업외비용,525100,자산처분및평가손실,525144,기타투자자산손상차손,epark,2023-12-12 21:04:03.027000,epark,2023-12-12 21:04:03.027000,2023-12-23 01:08:04.132000
500000,비용,520000,영업외비용,525100,자산처분및평가손실,525151,매출채권처분손실,epark,2023-12-12 21:04:03.028000,epark,2023-12-12 21:04:03.028000,2023-12-23 01:08:04.132000
500000,비용,520000,영업외비용,528100,기타영업외비용,528111,잡손실,epark,2023-12-12 21:04:03.034000,epark,2023-12-12 21:04:03.034000,2023-12-23 01:08:04.132000
500000,비용,520000,영업외비용,528100,기타영업외비용,528121,전기오류수정손실,epark,2023-12-12 21:04:03.036000,epark,2023-12-12 21:04:03.036000,2023-12-23 01:08:04.132000
500000,비용,520000,영업외비용,528100,기타영업외비용,528131,투자부동산감가상각비,epark,2023-12-12 21:04:03.037000,epark,2023-12-12 21:04:03.037000,2023-12-23 01:08:04.132000
500000,비용,520000,영업외비용,528100,기타영업외비용,528141,소송충당부채전입액,epark,2023-12-12 21:04:03.038000,epark,2023-12-12 21:04:03.038000,2023-12-23 01:08:04.132000
500000,비용,520000,영업외비용,528100,기타영업외비용,528151,지급수수료(영업외),epark,2023-12-12 21:04:03.039000,epark,2023-12-12 21:04:03.039000,2023-12-23 01:08:04.132000
500000,비용,520000,영업외비용,528100,기타영업외비용,528161,보험사고비용,epark,2023-12-12 21:04:03.040000,epark,2023-12-12 21:04:03.040000,2023-12-23 01:08:04.132000
500000,비용,520000,영업외비용,528100,기타영업외비용,528171,재해손실보상금,epark,2023-12-12 21:04:03.041000,epark,2023-12-12 21:04:03.041000,2023-12-23 01:08:04.132000
500000,비용,570000,법인세비용,577100,법인세비용,577111,원천납부법인세,epark,2023-12-12 21:04:03.042000,epark,2023-12-12 21:04:03.042000,2023-12-23 01:08:04.132000
500000,비용,570000,법인세비용,577100,법인세비용,577112,법인세,epark,2023-12-12 21:04:03.043000,epark,2023-12-12 21:04:03.043000,2023-12-23 01:08:04.132000
500000,비용,570000,법인세비용,577100,법인세비용,577113,외국납부세액,epark,2023-12-12 21:04:03.044000,epark,2023-12-12 21:04:03.044000,2023-12-23 01:08:04.132000
500000,비용,570000,법인세비용,577100,법인세비용,577114,주민세,epark,2023-12-12 21:04:03.045000,epark,2023-12-12 21:04:03.045000,2023-12-23 01:08:04.132000
500000,비용,601000,변동비,601000,변동비,601000,변동비,epark,2023-12-12 21:04:03.046000,epark,2023-12-12 21:04:03.046000,2023-12-23 01:08:04.132000
500000,비용,602000,직접비,602000,직접비,602000,직접비,epark,2023-12-12 21:04:03.047000,epark,2023-12-12 21:04:03.047000,2023-12-23 01:08:04.132000
500000,비용,711000,한계이익,711000,한계이익,711000,한계이익,epark,2023-12-12 21:04:03.048000,epark,2023-12-12 21:04:03.048000,2023-12-23 01:08:04.132000
500000,비용,712000,직접비차감이익,712000,직접비차감이익,712000,직접비차감이익,epark,2023-12-12 21:04:03.049000,epark,2023-12-12 21:04:03.049000,2023-12-23 01:08:04.132000
500000,비용,713000,영업이익,713000,영업이익,713000,영업이익,epark,2023-12-12 21:04:03.050000,epark,2023-12-12 21:04:03.050000,2023-12-23 01:08:04.132000
500000,비용,751000,매출원가,751000,매출원가,751000,매출원가,epark,2023-12-12 21:04:03.051000,epark,2023-12-12 21:04:03.051000,2023-12-23 01:08:04.132000
500000,비용,752000,매출총이익,752000,매출총이익,752000,매출총이익,epark,2023-12-12 21:04:03.052000,epark,2023-12-12 21:04:03.052000,2023-12-23 01:08:04.132000
500000,비용,753000,판매관리비,753000,판매관리비,753000,판매관리비,epark,2023-12-12 21:04:03.053000,epark,2023-12-12 21:04:03.053000,2023-12-23 01:08:04.132000
500000,비용,754000,영업이익,754000,영업이익,754000,영업이익,epark,2023-12-12 21:04:03.054000,epark,2023-12-12 21:04:03.054000,2023-12-23 01:08:04.132000
500000,비용,755100,금융수익,755100,금융수익,755100,금융수익,epark,2023-12-12 21:04:03.055000,epark,2023-12-12 21:04:03.055000,2023-12-23 01:08:04.132000
500000,비용,755200,금융원가,755200,금융원가,755200,금융원가,epark,2023-12-12 21:04:03.056000,epark,2023-12-12 21:04:03.056000,2023-12-23 01:08:04.132000
500000,비용,756100,기타영업외수익,756100,기타영업외수익,756100,기타영업외수익,epark,2023-12-12 21:04:03.057000,epark,2023-12-12 21:04:03.057000,2023-12-23 01:08:04.132000
500000,비용,756200,기타영업외비용,756200,기타영업외비용,756200,기타영업외비용,epark,2023-12-12 21:04:03.058000,epark,2023-12-12 21:04:03.058000,2023-12-23 01:08:04.132000
500000,비용,757000,영업외손익,757000,영업외손익,757000,영업외손익,epark,2023-12-12 21:04:03.059000,epark,2023-12-12 21:04:03.059000,2023-12-23 01:08:04.132000
500000,비용,758000,세전이익,758000,세전이익,758000,세전이익,epark,2023-12-12 21:04:03.060000,epark,2023-12-12 21:04:03.060000,2023-12-23 01:08:04.132000
