터미널조직코드,터미널구분코드,실제터미널조직코드,대표집배조직코드,unitiz_goal,종료목표작업시분,첨부파일ID,터미널영문코드,loading_place_addr,load_chute_cnt,unload_chute_cnt,wheel_sorter_install_yn,usage_cat_cd,등록일시,등록사원번호,최종사원업데이트일시,최종업데이트사원번호,생성일시,생성시스템ID,최종업데이트시스템ID,최종업데이트일시,ETL일시
000,ETC,000,,0,,,,,0,0,N,SELF,,,2023-11-10 18:10:02.000000,1910031,,,KAFKA,2023-11-10 18:10:02.000000,2023-12-23 03:04:26.913000
001,HUB,001,,0,,,MH,,0,,N,,,,2023-12-13 08:45:19.000000,1610114,,,KAFKA,2023-12-13 08:45:20.000000,2023-12-23 03:04:26.913000
002,CUST_WH,002,,0,,,,,0,0,N,,,,2023-10-17 17:36:00.000000,1910031,,,KAFKA,2023-10-17 17:36:02.000000,2023-12-23 03:04:26.913000
003,CUST_WH,003,,0,,,FK,,0,,N,,,,2023-11-07 09:06:35.000000,1910031,,,KAFKA,2023-11-07 09:06:36.000000,2023-12-23 03:04:26.913000
004,CUST_WH,004,,0,,,FL,,0,,N,,,,2023-11-07 09:06:45.000000,1910031,,,KAFKA,2023-11-07 09:06:46.000000,2023-12-23 03:04:26.913000
005,CUST_WH,005,,0,,,FM,,0,,N,,,,2023-11-07 09:10:19.000000,1910031,,,KAFKA,2023-11-07 09:10:20.000000,2023-12-23 03:04:26.913000
006,CUST_WH,006,,0,,,,,0,0,N,,,,2023-07-12 15:40:12.000000,1910031,,,KAFKA,2023-07-12 15:40:18.000000,2023-12-23 03:04:26.913000
007,CUST_WH,007,,0,,,FN,,0,,N,,,,2023-11-07 09:09:51.000000,1910031,,,KAFKA,2023-11-07 09:09:51.000000,2023-12-23 03:04:26.913000
008,CUST_WH,008,,0,,,,,0,0,N,,,,2023-11-03 15:45:08.000000,1910031,,,KAFKA,2023-11-03 15:45:09.000000,2023-12-23 03:04:26.913000
009,CUST_WH,009,,0,,,,,0,,N,,,,2023-11-03 15:45:00.000000,1910031,,,KAFKA,2023-11-03 15:45:01.000000,2023-12-23 03:04:26.913000
010,ETC,010,,0,,,,,0,0,N,,,,2023-07-12 15:40:12.000000,1910031,,,KAFKA,2023-07-12 15:40:18.000000,2023-12-23 03:04:26.913000
011,CUST_WH,011,,0,,,,,0,0,N,,,,2023-11-03 15:49:49.000000,1910031,,,KAFKA,2023-11-03 15:49:50.000000,2023-12-23 03:04:26.913000
012,CUST_WH,012,,0,,,,,0,0,N,,,,2023-11-03 15:49:58.000000,1910031,,,KAFKA,2023-11-03 15:49:59.000000,2023-12-23 03:04:26.913000
013,CUST_WH,013,,0,,,,,0,0,N,,,,2023-10-13 14:39:37.000000,0712062,,,KAFKA,2023-10-13 14:39:38.000000,2023-12-23 03:04:26.913000
014,CUST_WH,014,,0,,,,,0,0,N,,,,2023-11-03 15:44:50.000000,1910031,,,KAFKA,2023-11-03 15:44:51.000000,2023-12-23 03:04:26.913000
015,CUST_WH,015,,0,,,,,0,0,N,,,,2023-11-03 15:44:36.000000,1910031,,,KAFKA,2023-11-03 15:44:37.000000,2023-12-23 03:04:26.913000
016,CUST_WH,016,,0,,,,,0,0,N,,,,2023-11-03 15:49:41.000000,1910031,,,KAFKA,2023-11-03 15:49:42.000000,2023-12-23 03:04:26.913000
023,CUST_WH,023,,0,,,,,0,0,N,,,,2023-10-13 14:39:47.000000,0712062,,,KAFKA,2023-10-13 14:39:48.000000,2023-12-23 03:04:26.913000
030,SUB_REUSE,030,,0,,,,,0,0,N,,,,2023-07-12 15:40:12.000000,1910031,,,KAFKA,2023-07-12 15:40:18.000000,2023-12-23 03:04:26.913000
031,SUB_REUSE,031,,0,,,,,0,0,N,,,,2023-07-12 15:40:12.000000,1910031,,,KAFKA,2023-07-12 15:40:18.000000,2023-12-23 03:04:26.913000
032,SUB_REUSE,032,,0,,,,,0,0,N,,,,2023-07-12 15:40:12.000000,1910031,,,KAFKA,2023-07-12 15:40:18.000000,2023-12-23 03:04:26.913000
033,SUB_REUSE,033,,0,,,,,0,0,N,,,,2023-07-12 15:40:12.000000,1910031,,,KAFKA,2023-07-12 15:40:18.000000,2023-12-23 03:04:26.913000
034,SUB_REUSE,034,,0,,,,,0,0,N,,,,2023-07-12 15:40:12.000000,1910031,,,KAFKA,2023-07-12 15:40:18.000000,2023-12-23 03:04:26.913000
040,SUB,040,,72,,,ES,,3,3,N,LEASE,,,2023-09-27 14:11:44.000000,1910031,,,KAFKA,2023-09-27 14:11:49.000000,2023-12-23 03:04:26.913000
041,SUB_SORT,040,,0,,,,,3,3,N,LEASE,,,2023-10-13 14:41:58.000000,9510421,,,KAFKA,2023-10-13 14:41:59.000000,2023-12-23 03:04:26.913000
042,CUST_WH,042,,0,,,GY,,1,1,N,,,,2023-11-17 15:14:36.000000,1112204,,,KAFKA,2023-11-17 15:14:37.000000,2023-12-23 03:04:26.913000
049,ETC,049,,0,,,,,0,0,N,,,,2023-09-20 09:02:44.000000,1910031,,,KAFKA,2023-09-20 09:02:45.000000,2023-12-23 03:04:26.913000
050,SUB,050,,84,,,JO,,1,1,N,LEASE,,,2023-09-27 14:11:44.000000,1910031,,,KAFKA,2023-09-27 14:11:49.000000,2023-12-23 03:04:26.913000
059,ETC,059,,0,,,,,0,0,N,,,,2023-07-12 15:40:12.000000,1910031,,,KAFKA,2023-07-12 15:40:18.000000,2023-12-23 03:04:26.913000
064,CUST_WH,064,,0,,,,,0,0,N,,,,2023-07-12 15:40:12.000000,1910031,,,KAFKA,2023-07-12 15:40:18.000000,2023-12-23 03:04:26.913000
069,ETC,069,,0,,,,,0,0,N,,,,2023-07-12 15:40:12.000000,1910031,,,KAFKA,2023-07-12 15:40:18.000000,2023-12-23 03:04:26.913000
070,SUB,070,,72,,,YO,,2,1,N,SELF,,,2023-09-27 14:11:44.000000,1910031,,,KAFKA,2023-09-27 14:11:49.000000,2023-12-23 03:04:26.913000
079,ETC,079,,0,,,,,0,0,N,,,,2023-07-12 15:40:12.000000,1910031,,,KAFKA,2023-07-12 15:40:18.000000,2023-12-23 03:04:26.913000
080,SUB_SORT,420,,0,,,NO,,6,6,N,LEASE,,,2023-10-13 14:48:59.000000,1911125,,,KAFKA,2023-10-13 14:49:00.000000,2023-12-23 03:04:26.913000
081,SUB,081,,100,,,UI,,2,,N,SELF,2023-09-15 14:53:00.000000,1112204,2023-11-28 15:14:33.000000,1710715,2023-09-15 14:53:00.000000,1112204,KAFKA,2023-11-28 15:14:34.000000,2023-12-23 03:04:26.913000
082,SUB,082,,80,,,DO,,2,2,N,LEASE,,,2023-09-27 14:11:44.000000,1910031,,,KAFKA,2023-09-27 14:11:49.000000,2023-12-23 03:04:26.913000
083,SUB_SORT,082,,0,,,,,2,2,N,LEASE,,,2023-10-13 14:20:33.000000,1911125,,,KAFKA,2023-10-13 14:20:34.000000,2023-12-23 03:04:26.913000
100,HUB,100,,40,0600,,KR,,17,7,N,SELF,,,2023-09-27 14:11:44.000000,1910031,,,KAFKA,2023-09-27 14:11:49.000000,2023-12-23 03:04:26.913000
101,SUB,101,,100,,,YD,,2,2,N,LEASE,,,2023-09-27 14:11:44.000000,1910031,,,KAFKA,2023-09-27 14:11:49.000000,2023-12-23 03:04:26.913000
102,SUB,102,,0,,,NX,,2,2,N,LEASE,,,2023-09-27 14:11:44.000000,1910031,,,KAFKA,2023-09-27 14:11:49.000000,2023-12-23 03:04:26.913000
103,SUB_SORT,100,,0,,,KW,,17,7,N,SELF,,,2023-10-13 14:25:46.000000,1310724,,,KAFKA,2023-10-13 14:25:47.000000,2023-12-23 03:04:26.913000
104,SUB_SORT,100,,0,,,,,17,7,N,SELF,,,2023-10-13 14:26:42.000000,1310724,,,KAFKA,2023-10-13 14:26:43.000000,2023-12-23 03:04:26.913000
105,SUB_SORT,100,,90,,,,,17,7,N,SELF,,,2023-10-13 14:26:28.000000,1310724,,,KAFKA,2023-10-13 14:26:29.000000,2023-12-23 03:04:26.913000
106,SUB_SORT,100,,100,,,,,17,7,N,SELF,,,2023-10-13 14:26:54.000000,1310724,,,KAFKA,2023-10-13 14:26:55.000000,2023-12-23 03:04:26.913000
107,SUB_SORT,100,,0,,,,,17,7,N,SELF,,,2023-10-13 14:27:19.000000,1310724,,,KAFKA,2023-10-13 14:27:20.000000,2023-12-23 03:04:26.913000
108,SUB_SORT,100,,0,,,,,17,7,N,SELF,,,2023-10-13 14:26:16.000000,1310724,,,KAFKA,2023-10-13 14:26:17.000000,2023-12-23 03:04:26.913000
109,SUB_SORT,102,,0,,,,,2,2,N,LEASE,,,2023-10-13 14:25:03.000000,1310724,,,KAFKA,2023-10-13 14:25:06.000000,2023-12-23 03:04:26.913000
110,SUB_SORT,112,,50,,,KN,,100,36,N,LEASE,,,2023-10-13 15:00:43.000000,0710220,,,KAFKA,2023-10-13 15:00:43.000000,2023-12-23 03:04:26.913000
111,SUB_SORT,112,,0,,,YM,,100,36,N,LEASE,,,2023-10-13 15:04:22.000000,0710220,,,KAFKA,2023-10-13 15:04:23.000000,2023-12-23 03:04:26.913000
112,HUB,112,,45,0700,,SP,,100,36,N,LEASE,,,2023-10-17 15:15:49.000000,9410295,,,KAFKA,2023-10-17 15:15:50.000000,2023-12-23 03:04:26.913000
113,SUB_SORT,112,,100,,,,,100,36,N,LEASE,,,2023-10-13 15:08:45.000000,0710220,,,KAFKA,2023-10-13 15:08:46.000000,2023-12-23 03:04:26.913000
114,SUB_SORT,112,,0,,,,,100,36,N,LEASE,,,2023-11-17 15:05:18.000000,1112204,,,KAFKA,2023-11-17 15:05:18.000000,2023-12-23 03:04:26.913000
115,SUB_SORT,112,,0,,,DD,,100,36,N,LEASE,,,2023-10-13 15:09:04.000000,0710220,,,KAFKA,2023-10-13 15:09:05.000000,2023-12-23 03:04:26.913000
116,SUB_SORT,112,,0,,,,,100,36,N,LEASE,,,2023-11-17 15:06:01.000000,1112204,,,KAFKA,2023-11-17 15:06:01.000000,2023-12-23 03:04:26.913000
117,SUB_SORT,112,,0,,,,,100,36,N,LEASE,,,2023-10-13 15:05:19.000000,0710220,,,KAFKA,2023-10-13 15:05:20.000000,2023-12-23 03:04:26.913000
118,SUB_SORT,112,,0,,,,,100,36,N,LEASE,,,2023-10-13 15:06:43.000000,0710220,,,KAFKA,2023-10-13 15:06:43.000000,2023-12-23 03:04:26.913000
119,ETC,119,,0,,,LF,,100,0,N,,,,2023-11-13 16:40:38.000000,1910031,,,KAFKA,2023-11-13 16:40:39.000000,2023-12-23 03:04:26.913000
120,SUB_SORT,191,,0,,,JR,,2,2,N,LEASE,,,2023-10-13 14:30:52.000000,9710400,,,KAFKA,2023-10-13 14:30:52.000000,2023-12-23 03:04:26.913000
130,SUB,130,,70,,,KP,,2,1,N,SELF,,,2023-09-27 14:11:44.000000,1910031,,,KAFKA,2023-09-27 14:11:49.000000,2023-12-23 03:04:26.913000
131,SUB,131,,0,,,,,2,2,N,LEASE,,,2023-09-27 14:11:44.000000,1910031,,,KAFKA,2023-09-27 14:11:49.000000,2023-12-23 03:04:26.913000
132,SUB,132,,60,,,KK,,4,3,N,LEASE,,,2023-10-13 15:47:51.000000,2018962,,,KAFKA,2023-10-13 15:47:52.000000,2023-12-23 03:04:26.913000
133,SUB,133,,0,,,KD,,0,0,N,SELF,,,2023-10-13 14:23:29.000000,2018962,,,KAFKA,2023-10-13 14:23:30.000000,2023-12-23 03:04:26.913000
134,SUB_SORT,131,,0,,,,,2,2,N,LEASE,,,2023-10-13 14:24:39.000000,2018962,,,KAFKA,2023-10-13 14:24:40.000000,2023-12-23 03:04:26.913000
135,SUB_SORT,131,,0,,,,,2,2,N,LEASE,,,2023-10-13 15:48:20.000000,2018962,,,KAFKA,2023-10-13 15:48:21.000000,2023-12-23 03:04:26.913000
136,SUB_SORT,132,,0,,,,,4,3,N,LEASE,,,2023-10-13 14:24:53.000000,2018962,,,KAFKA,2023-10-13 14:24:54.000000,2023-12-23 03:04:26.913000
138,SUB_SORT,132,,0,,,,,4,3,N,LEASE,,,2023-11-16 15:26:52.000000,2018962,,,KAFKA,2023-11-16 15:26:53.000000,2023-12-23 03:04:26.913000
140,ETC,140,,0,,,IA,,0,0,N,,,,2023-07-12 15:40:12.000000,1910031,,,KAFKA,2023-07-12 15:40:18.000000,2023-12-23 03:04:26.913000
141,ETC,141,,0,,,,,0,0,N,,,,2023-11-17 15:01:14.000000,1112204,,,KAFKA,2023-11-17 15:01:15.000000,2023-12-23 03:04:26.913000
142,ETC,142,,0,,,IN,,0,0,N,,,,2023-07-12 15:40:12.000000,1910031,,,KAFKA,2023-07-12 15:40:18.000000,2023-12-23 03:04:26.913000
150,SUB,150,,84,,,JG,,2,2,N,LEASE,,,2023-09-27 14:11:44.000000,1910031,,,KAFKA,2023-09-27 14:11:49.000000,2023-12-23 03:04:26.913000
151,SUB_SORT,150,,0,,,,,2,2,N,LEASE,,,2023-11-17 15:13:49.000000,1112204,,,KAFKA,2023-11-17 15:13:50.000000,2023-12-23 03:04:26.913000
158,SUB_SORT,112,,0,,,,,100,36,N,LEASE,,,2023-10-13 15:07:56.000000,0710220,,,KAFKA,2023-10-13 15:07:57.000000,2023-12-23 03:04:26.913000
160,ETC,160,,0,,,,,0,0,N,,,,2023-07-12 15:40:12.000000,1910031,,,KAFKA,2023-07-12 15:40:18.000000,2023-12-23 03:04:26.913000
170,SUB,170,,82,,,MP,,4,4,N,LEASE,,,2023-09-27 14:11:44.000000,1910031,,,KAFKA,2023-09-27 14:11:49.000000,2023-12-23 03:04:26.913000
171,SUB,171,,68,,,EP,,2,2,N,LEASE,,,2023-09-27 14:11:44.000000,1910031,,,KAFKA,2023-09-27 14:11:49.000000,2023-12-23 03:04:26.913000
172,SUB_SORT,170,,0,,,,,4,4,N,LEASE,,,2023-11-17 17:08:34.000000,1111902,,,KAFKA,2023-11-17 17:08:38.000000,2023-12-23 03:04:26.913000
173,SUB,173,,65,,,DY,,3,2,N,LEASE,,,2023-09-27 14:11:44.000000,1910031,,,KAFKA,2023-09-27 14:11:49.000000,2023-12-23 03:04:26.913000
174,SUB_SORT,170,,0,,,,,4,4,N,LEASE,,,2023-11-17 15:13:13.000000,1112204,,,KAFKA,2023-11-17 15:13:14.000000,2023-12-23 03:04:26.913000
178,SUB_SORT,150,,0,,,,,2,2,N,LEASE,,,2023-10-13 14:35:30.000000,9510421,,,KAFKA,2023-10-13 14:35:30.000000,2023-12-23 03:04:26.913000
180,SUB_SORT,112,,50,,,SC,,100,,N,LEASE,,,2023-10-13 15:08:22.000000,0710220,,,KAFKA,2023-10-13 15:08:23.000000,2023-12-23 03:04:26.913000
181,SUB_SORT,112,,50,,,,,100,36,N,LEASE,,,2023-10-13 15:09:23.000000,0710220,,,KAFKA,2023-10-13 15:09:24.000000,2023-12-23 03:04:26.913000
182,SUB_SORT,112,,0,,,JW,,100,36,N,LEASE,,,2023-10-13 15:04:47.000000,0710220,,,KAFKA,2023-10-13 15:04:48.000000,2023-12-23 03:04:26.913000
183,SUB_SORT,112,,0,,,,,100,36,N,LEASE,,,2023-11-17 15:03:45.000000,1112204,,,KAFKA,2023-11-17 15:03:46.000000,2023-12-23 03:04:26.913000
184,SUB_SORT,112,,0,,,,,100,36,N,LEASE,,,2023-11-17 15:03:29.000000,1112204,,,KAFKA,2023-11-17 15:03:30.000000,2023-12-23 03:04:26.913000
185,SUB_SORT,112,,0,,,,,100,36,N,LEASE,,,2023-11-17 15:04:25.000000,1112204,,,KAFKA,2023-11-17 15:04:26.000000,2023-12-23 03:04:26.913000
186,SUB_SORT,112,,0,,,,,100,36,N,LEASE,,,2023-11-17 15:03:12.000000,1112204,,,KAFKA,2023-11-17 15:03:12.000000,2023-12-23 03:04:26.913000
187,SUB_SORT,112,,0,,,,,100,36,N,LEASE,,,2023-11-17 15:05:00.000000,1112204,,,KAFKA,2023-11-17 15:05:01.000000,2023-12-23 03:04:26.913000
188,ETC,188,,0,,,,,0,0,N,,,,2023-11-13 16:41:53.000000,1910031,,,KAFKA,2023-11-13 16:41:54.000000,2023-12-23 03:04:26.913000
190,SUB,190,,86,,,DS,,1,1,N,LEASE,,,2023-09-27 14:11:44.000000,1910031,,,KAFKA,2023-09-27 14:11:49.000000,2023-12-23 03:04:26.913000
191,SUB,191,,77,,,SK,,2,2,N,LEASE,,,2023-09-27 14:11:44.000000,1910031,,,KAFKA,2023-09-27 14:11:49.000000,2023-12-23 03:04:26.913000
195,ETC,195,,0,,,,,0,0,N,,,,2023-07-12 15:40:12.000000,1910031,,,KAFKA,2023-07-12 15:40:18.000000,2023-12-23 03:04:26.913000
198,SUB_SORT,081,,0,,,,,2,2,N,SELF,,,2023-09-27 14:11:44.000000,1910031,,,KAFKA,2023-09-27 14:11:49.000000,2023-12-23 03:04:26.913000
200,HUB,200,,37,0700,,WJ,,18,6,N,SELF,,,2023-09-27 14:11:44.000000,1910031,,,KAFKA,2023-09-27 14:11:49.000000,2023-12-23 03:04:26.913000
201,SUB_SORT,200,,37,,,WK,,18,6,N,SELF,,,2023-11-17 15:11:48.000000,1112204,,,KAFKA,2023-11-17 15:11:49.000000,2023-12-23 03:04:26.913000
202,SUB,202,,0,,,JE,,1,1,N,LEASE,,,2023-09-27 14:11:44.000000,1910031,,,KAFKA,2023-09-27 14:11:49.000000,2023-12-23 03:04:26.913000
203,SUB,203,,0,,,IJ,,1,1,N,PICKDLV,,,2023-10-13 14:47:51.000000,2311326,,,KAFKA,2023-10-13 14:47:52.000000,2023-12-23 03:04:26.913000
204,SUB,204,,0,,,TB,,1,1,N,PICKDLV,,,2023-09-27 14:11:44.000000,1910031,,,KAFKA,2023-09-27 14:11:49.000000,2023-12-23 03:04:26.913000
205,SUB,205,,0,,,PY,,1,1,N,LEASE,,,2023-09-27 14:11:44.000000,1910031,,,KAFKA,2023-09-27 14:11:49.000000,2023-12-23 03:04:26.913000
206,SUB,206,,0,,,HH,,1,1,N,LEASE,,,2023-10-13 14:48:11.000000,2311326,,,KAFKA,2023-10-13 14:48:12.000000,2023-12-23 03:04:26.913000
207,SUB,207,,0,,,HW,,2,1,N,LEASE,,,2023-09-27 14:11:44.000000,1910031,,,KAFKA,2023-09-27 14:11:49.000000,2023-12-23 03:04:26.913000
208,ETC,208,,0,,,,,1,1,N,,,,2023-09-06 17:30:14.000000,1910031,,,KAFKA,2023-09-06 17:30:16.000000,2023-12-23 03:04:26.913000
209,ETC,209,,0,,,,,0,0,N,,,,2023-07-12 15:40:12.000000,1910031,,,KAFKA,2023-07-12 15:40:18.000000,2023-12-23 03:04:26.913000
210,SUB,210,,0,,,KA,,2,2,N,LEASE,,,2023-09-27 14:11:44.000000,1910031,,,KAFKA,2023-09-27 14:11:49.000000,2023-12-23 03:04:26.913000
211,ETC,211,,0,,,,,0,0,N,,,,2023-07-12 15:40:12.000000,1910031,,,KAFKA,2023-07-12 15:40:18.000000,2023-12-23 03:04:26.913000
212,SUB,212,,0,,,ZS,,1,1,N,PICKDLV,,,2023-09-27 14:11:44.000000,1910031,,,KAFKA,2023-09-27 14:11:49.000000,2023-12-23 03:04:26.913000
213,SUB,213,,0,,,YW,,1,1,N,LEASE,,,2023-09-27 14:11:44.000000,1910031,,,KAFKA,2023-09-27 14:11:49.000000,2023-12-23 03:04:26.913000
214,SUB,214,,0,,,DN,,1,1,N,PICKDLV,,,2023-09-27 14:11:44.000000,1910031,,,KAFKA,2023-09-27 14:11:49.000000,2023-12-23 03:04:26.913000
220,SUB,220,,17,,,CC,,2,1,N,LEASE,,,2023-10-13 14:47:09.000000,2311326,,,KAFKA,2023-10-13 14:47:09.000000,2023-12-23 03:04:26.913000
221,SUB,221,,0,,,GA,,1,1,N,LEASE,,,2023-10-13 14:47:22.000000,2311326,,,KAFKA,2023-10-13 14:47:23.000000,2023-12-23 03:04:26.913000
222,SUB,222,,0,,,YG,,1,1,N,PICKDLV,,,2023-10-13 14:47:37.000000,2311326,,,KAFKA,2023-10-13 14:47:38.000000,2023-12-23 03:04:26.913000
223,SUB,223,,0,,,HZ,,1,1,N,PICKDLV,,,2023-10-13 14:48:29.000000,2311326,,,KAFKA,2023-10-13 14:48:30.000000,2023-12-23 03:04:26.913000
230,SUB,230,,0,,,SO,,2,2,N,LEASE,,,2023-09-27 14:11:44.000000,1910031,,,KAFKA,2023-09-27 14:11:49.000000,2023-12-23 03:04:26.913000
231,SUB_SORT,230,,0,,,GU,,2,2,N,LEASE,,,2023-09-27 14:11:44.000000,1910031,,,KAFKA,2023-09-27 14:11:49.000000,2023-12-23 03:04:26.913000
240,SUB,240,,0,,,DH,,1,1,N,LEASE,,,2023-09-27 14:11:44.000000,1910031,,,KAFKA,2023-09-27 14:11:49.000000,2023-12-23 03:04:26.913000
241,SUB,241,,0,,,SM,,1,1,N,PICKDLV,,,2023-09-27 14:11:44.000000,1910031,,,KAFKA,2023-09-27 14:11:49.000000,2023-12-23 03:04:26.913000
290,SUB,290,,10,,,EG,,0,0,N,,,,2023-11-17 15:09:32.000000,1112204,,,KAFKA,2023-11-17 15:09:32.000000,2023-12-23 03:04:26.913000
291,SUB_SORT,290,,0,,,,,0,0,N,,,,2023-11-17 15:08:50.000000,1112204,,,KAFKA,2023-11-17 15:08:51.000000,2023-12-23 03:04:26.913000
292,SUB_SORT,290,,0,,,,,0,0,N,,,,2023-11-17 15:09:32.000000,1112204,,,KAFKA,2023-11-17 15:09:32.000000,2023-12-23 03:04:26.913000
299,SUB,299,,0,,,GD,,25,3,N,,,,2023-09-27 14:11:44.000000,1910031,,,KAFKA,2023-09-27 14:11:49.000000,2023-12-23 03:04:26.913000
300,HUB,300,,29,0520,,TJ,,0,0,N,SELF,,,2023-09-27 14:11:44.000000,1910031,,,KAFKA,2023-09-27 14:11:49.000000,2023-12-23 03:04:26.913000
301,HUB,301,,0,0530,,TT,,0,0,N,SELF,,,2023-09-27 14:11:44.000000,1910031,,,KAFKA,2023-09-27 14:11:49.000000,2023-12-23 03:04:26.913000
302,ETC,302,,0,0530,,TA,,0,0,N,,,,2023-11-17 17:07:42.000000,1111902,,,KAFKA,2023-11-17 17:07:43.000000,2023-12-23 03:04:26.913000
303,SUB_SORT,300,,100,,,,,0,0,N,SELF,,,2023-12-14 17:27:42.000000,2211495,,,KAFKA,2023-12-14 17:27:43.000000,2023-12-23 03:04:26.913000
304,SUB_SORT,305,,0,,,,,4,4,N,SELF,,,2023-12-14 17:27:29.000000,2211495,,,KAFKA,2023-12-14 17:27:31.000000,2023-12-23 03:04:26.913000
305,SUB,305,,90,0600,,BJ,,4,4,N,SELF,,,2023-09-27 14:11:44.000000,1910031,,,KAFKA,2023-09-27 14:11:49.000000,2023-12-23 03:04:26.913000
306,SUB,306,,0,,,OD,,0,0,N,PICKDLV,,,2023-09-27 14:11:44.000000,1910031,,,KAFKA,2023-09-27 14:11:49.000000,2023-12-23 03:04:26.913000
307,SUB,307,,0,,,OK,,4,4,N,LEASE,,,2023-10-13 14:25:30.000000,2211495,,,KAFKA,2023-10-13 14:25:31.000000,2023-12-23 03:04:26.913000
308,SUB_SORT,305,,0,,,,,4,4,N,SELF,,,2023-11-17 17:05:46.000000,1111902,,,KAFKA,2023-11-17 17:05:47.000000,2023-12-23 03:04:26.913000
309,SUB,309,,0,,,GM,,1,1,N,PICKDLV,,,2023-09-27 14:11:44.000000,1910031,,,KAFKA,2023-09-27 14:11:49.000000,2023-12-23 03:04:26.913000
310,SUB,310,,40,,,CA,,4,4,N,LEASE,,,2023-09-27 14:11:44.000000,1910031,,,KAFKA,2023-09-27 14:11:49.000000,2023-12-23 03:04:26.913000
311,SUB,311,,0,,,GZ,,1,1,N,PICKDLV,,,2023-09-27 14:11:44.000000,1910031,,,KAFKA,2023-09-27 14:11:49.000000,2023-12-23 03:04:26.913000
312,SUB,312,,0,,,NS,,4,4,N,LEASE,,,2023-09-27 14:11:44.000000,1910031,,,KAFKA,2023-09-27 14:11:49.000000,2023-12-23 03:04:26.913000
313,SUB,313,,0,,,BY,,1,,N,PICKDLV,,,2023-11-21 08:51:36.000000,1910031,,,KAFKA,2023-11-21 08:51:37.000000,2023-12-23 03:04:26.913000
314,SUB_SORT,312,,0,,,GE,,4,4,N,LEASE,,,2023-09-27 14:11:44.000000,1910031,,,KAFKA,2023-09-27 14:11:49.000000,2023-12-23 03:04:26.913000
315,SUB,315,,40,,,CB,,3,2,N,LEASE,,,2023-09-27 14:11:44.000000,1910031,,,KAFKA,2023-09-27 14:11:49.000000,2023-12-23 03:04:26.913000
316,SUB,316,,0,,,CH,,1,1,N,PICKDLV,,,2023-09-27 14:11:44.000000,1910031,,,KAFKA,2023-09-27 14:11:49.000000,2023-12-23 03:04:26.913000
317,SUB_SORT,300,,0,,,,,0,0,N,SELF,,,2023-11-17 17:06:26.000000,1111902,,,KAFKA,2023-11-17 17:06:27.000000,2023-12-23 03:04:26.913000
318,SUB_SORT,310,,0,,,,,4,4,N,LEASE,,,2023-10-17 17:36:15.000000,1910031,,,KAFKA,2023-10-17 17:36:17.000000,2023-12-23 03:04:26.913000
319,SUB,319,,0,,,MJ,,0,0,N,PICKDLV,,,2023-12-21 14:42:41.000000,2211495,,,KAFKA,2023-12-21 14:42:42.000000,2023-12-23 03:04:26.913000
320,SUB,320,,41,,,CJ,,6,6,N,LEASE,,,2023-09-27 14:11:44.000000,1910031,,,KAFKA,2023-09-27 14:11:49.000000,2023-12-23 03:04:26.913000
321,SUB_SORT,320,,0,,,,,6,6,N,LEASE,,,2023-11-17 11:23:52.000000,1610114,,,KAFKA,2023-11-17 11:23:53.000000,2023-12-23 03:04:26.913000
322,SUB,322,,0,,,BE,,1,1,N,PICKDLV,,,2023-09-27 14:11:44.000000,1910031,,,KAFKA,2023-09-27 14:11:49.000000,2023-12-23 03:04:26.913000
323,SUB_SORT,333,,0,,,SE,,0,0,N,LEASE,,,2023-11-17 17:18:52.000000,1111902,,,KAFKA,2023-11-17 17:18:53.000000,2023-12-23 03:04:26.913000
328,SUB_SORT,320,,0,,,,,6,6,N,LEASE,,,2023-11-17 11:28:01.000000,1610114,,,KAFKA,2023-11-17 11:28:01.000000,2023-12-23 03:04:26.913000
329,SUB_SORT,330,,0,,,,,4,4,N,LEASE,,,2023-11-17 17:17:01.000000,1111902,,,KAFKA,2023-11-17 17:17:03.000000,2023-12-23 03:04:26.913000
330,SUB,330,,0,,,SS,,4,4,N,LEASE,,,2023-09-27 14:11:44.000000,1910031,,,KAFKA,2023-09-27 14:11:49.000000,2023-12-23 03:04:26.913000
331,SUB,331,,0,,,DJ,,2,2,N,LEASE,,,2023-09-27 14:11:44.000000,1910031,,,KAFKA,2023-09-27 14:11:49.000000,2023-12-23 03:04:26.913000
332,SUB,332,,0,,,TN,,1,1,N,PICKDLV,,,2023-11-16 15:26:54.000000,0510564,,,KAFKA,2023-11-16 15:26:55.000000,2023-12-23 03:04:26.913000
333,HUB,333,,0,0540,,SH,,0,0,N,LEASE,,,2023-09-27 14:11:44.000000,1910031,,,KAFKA,2023-09-27 14:11:49.000000,2023-12-23 03:04:26.913000
334,HUB,334,,0,0540,,SF,,0,0,N,LEASE,,,2023-09-27 14:11:44.000000,1910031,,,KAFKA,2023-09-27 14:11:49.000000,2023-12-23 03:04:26.913000
340,SUB,340,,10,,,CU,,2,2,N,LEASE,,,2023-09-27 14:11:44.000000,1910031,,,KAFKA,2023-09-27 14:11:49.000000,2023-12-23 03:04:26.913000
341,SUB,341,,0,,,EM,,4,4,N,LEASE,,,2023-09-27 14:11:44.000000,1910031,,,KAFKA,2023-09-27 14:11:49.000000,2023-12-23 03:04:26.913000
342,SUB,342,,0,,,GN,,2,2,N,PICKDLV,,,2023-09-27 14:11:44.000000,1910031,,,KAFKA,2023-09-27 14:11:49.000000,2023-12-23 03:04:26.913000
343,SUB_SORT,341,,0,,,,,4,4,N,LEASE,,,2023-11-17 14:49:43.000000,1112204,,,KAFKA,2023-11-17 14:49:44.000000,2023-12-23 03:04:26.913000
350,SUB,350,,0,,,YE,,2,2,N,PICKDLV,,,2023-09-27 14:11:44.000000,1910031,,,KAFKA,2023-09-27 14:11:49.000000,2023-12-23 03:04:26.913000
351,SUB,351,,0,,,HO,,2,2,N,PICKDLV,,,2023-09-27 14:11:44.000000,1910031,,,KAFKA,2023-09-27 14:11:49.000000,2023-12-23 03:04:26.913000
353,SUB,353,,0,,,BO,,1,1,N,PICKDLV,,,2023-09-27 14:11:44.000000,1910031,,,KAFKA,2023-09-27 14:11:49.000000,2023-12-23 03:04:26.913000
360,SUB,360,,10,,,AH,,3,3,N,LEASE,,,2023-09-27 14:11:44.000000,1910031,,,KAFKA,2023-09-27 14:11:49.000000,2023-12-23 03:04:26.913000
400,SUB,400,,63,,,IC,,5,6,N,SELF,,,2023-10-13 16:44:31.000000,0611726,,,KAFKA,2023-10-13 16:44:32.000000,2023-12-23 03:04:26.913000
401,SUB,401,,70,,,EI,,3,3,N,SELF,,,2023-10-13 16:44:58.000000,0611726,,,KAFKA,2023-10-13 16:44:59.000000,2023-12-23 03:04:26.913000
402,SUB,402,,52,,,BP,,4,2,N,LEASE,,,2023-09-27 14:11:44.000000,1910031,,,KAFKA,2023-09-27 14:11:49.000000,2023-12-23 03:04:26.913000
403,SUB,403,,47,,,BC,,6,4,N,LEASE,,,2023-10-16 13:19:59.000000,9410833,,,KAFKA,2023-10-16 13:20:00.000000,2023-12-23 03:04:26.913000
404,SUB,404,,42,,,SI,,4,4,N,LEASE,,,2023-09-27 14:11:44.000000,1910031,,,KAFKA,2023-09-27 14:11:49.000000,2023-12-23 03:04:26.913000
405,SUB_SORT,404,,0,,,,,4,4,N,LEASE,,,2023-09-27 14:11:44.000000,1910031,,,KAFKA,2023-09-27 14:11:49.000000,2023-12-23 03:04:26.913000
406,SUB_SORT,403,,0,,,,,6,4,N,LEASE,,,2023-11-11 02:05:22.000000,2110216,,,KAFKA,2023-11-11 02:05:22.000000,2023-12-23 03:04:26.913000
407,SUB_SORT,400,,0,,,,,5,6,N,SELF,,,2023-10-13 16:43:41.000000,0611726,,,KAFKA,2023-10-13 16:43:42.000000,2023-12-23 03:04:26.913000
408,SUB,408,,0,,,,,1,1,N,SELF,,,2023-10-13 16:44:42.000000,0611726,,,KAFKA,2023-10-13 16:44:43.000000,2023-12-23 03:04:26.913000
409,SUB_SORT,400,,0,,,,,5,6,N,SELF,,,2023-10-13 16:44:09.000000,0611726,,,KAFKA,2023-10-13 16:44:09.000000,2023-12-23 03:04:26.913000
410,SUB_SORT,477,,0,,,,,36,10,N,LEASE,,,2023-09-27 14:11:44.000000,1910031,,,KAFKA,2023-09-27 14:11:49.000000,2023-12-23 03:04:26.913000
411,SUB,411,,10,,,OS,,3,3,Y,LEASE,,,2023-10-13 15:42:24.000000,2211823,,,KAFKA,2023-10-13 15:42:25.000000,2023-12-23 03:04:26.913000
412,SUB_SORT,413,,0,,,,,6,5,N,SELF,,,2023-10-13 15:38:39.000000,2211823,,,KAFKA,2023-10-13 15:38:40.000000,2023-12-23 03:04:26.913000
413,SUB,413,,60,,,PT,,6,5,Y,SELF,,,2023-10-13 15:41:56.000000,2211823,,,KAFKA,2023-10-13 15:41:57.000000,2023-12-23 03:04:26.913000
414,SUB,414,,0,,,BN,,2,2,N,LEASE,,,2023-11-11 02:04:56.000000,2110216,,,KAFKA,2023-11-11 02:04:57.000000,2023-12-23 03:04:26.913000
415,SUB_SORT,404,,0,,,,,4,4,N,LEASE,,,2023-10-13 14:29:52.000000,0711896,,,KAFKA,2023-10-13 14:29:53.000000,2023-12-23 03:04:26.913000
416,SUB_SORT,401,,0,,,,,3,3,N,SELF,2022-12-09 10:05:15.000000,1112193,2023-10-13 16:46:13.000000,0611726,2022-12-09 10:05:15.000000,1112193,KAFKA,2023-10-13 16:46:14.000000,2023-12-23 03:04:26.913000
418,SUB_SORT,413,,0,,,,,6,5,N,SELF,,,2023-10-13 15:39:44.000000,2211823,,,KAFKA,2023-10-13 15:39:45.000000,2023-12-23 03:04:26.913000
419,SUB,419,,0,,,EH,,1,0,N,SELF,,,2023-10-20 18:36:31.000000,2481441,,,KAFKA,2023-10-20 18:36:32.000000,2023-12-23 03:04:26.913000
420,SUB,420,,50,,,YA,,6,6,N,LEASE,,,2023-12-18 17:50:14.000000,2110220,,,KAFKA,2023-12-18 17:50:15.000000,2023-12-23 03:04:26.913000
421,SUB,421,,50,,,PJ,,4,4,N,LEASE,,,2023-09-27 14:11:44.000000,1910031,,,KAFKA,2023-09-27 14:11:49.000000,2023-12-23 03:04:26.913000
422,SUB,422,,18,,,PC,,4,3,N,LEASE,,,2023-10-20 18:36:54.000000,2481441,,,KAFKA,2023-10-20 18:36:55.000000,2023-12-23 03:04:26.913000
423,SUB,423,,0,,,CN,,2,2,N,LEASE,,,2023-11-16 15:36:39.000000,2210725,,,KAFKA,2023-11-16 15:36:40.000000,2023-12-23 03:04:26.913000
424,SUB_SORT,420,,40,,,,,6,6,N,LEASE,,,2023-10-13 14:49:34.000000,1911125,,,KAFKA,2023-10-13 14:49:34.000000,2023-12-23 03:04:26.913000
425,SUB,425,,0,,,DC,,1,1,N,LEASE,,,2023-10-20 18:37:23.000000,2481441,,,KAFKA,2023-10-20 18:37:24.000000,2023-12-23 03:04:26.913000
426,SUB_SORT,422,,0,,,,,4,3,N,LEASE,,,2023-10-20 18:37:32.000000,2481441,,,KAFKA,2023-10-20 18:37:33.000000,2023-12-23 03:04:26.913000
427,SUB_SORT,421,,0,,,,,4,4,N,LEASE,,,2023-11-17 15:15:16.000000,1112204,,,KAFKA,2023-11-17 15:15:17.000000,2023-12-23 03:04:26.913000
429,CUST_WH,429,,0,,,PS,,4,1,N,,,,2023-10-13 14:32:49.000000,9510421,,,KAFKA,2023-10-13 14:32:49.000000,2023-12-23 03:04:26.913000
430,SUB,430,,58,0600,,GP,,10,5,N,LEASE,,,2023-11-22 13:33:49.000000,2211204,,,KAFKA,2023-11-22 13:33:50.000000,2023-12-23 03:04:26.913000
431,SUB,431,,45,,,SW,,4,4,N,SELF,,,2023-11-27 07:05:09.000000,1811051,,,KAFKA,2023-11-27 07:05:09.000000,2023-12-23 03:04:26.913000
432,SUB_SORT,431,,0,,,BW,,4,4,N,SELF,,,2023-11-27 07:04:54.000000,1811051,,,KAFKA,2023-11-27 07:04:55.000000,2023-12-23 03:04:26.913000
433,SUB_SORT,430,,100,,,,,10,5,N,LEASE,,,2023-11-22 16:32:38.000000,2211204,,,KAFKA,2023-11-22 16:32:38.000000,2023-12-23 03:04:26.913000
434,SUB_SORT,430,,0,,,,,10,5,N,LEASE,,,2023-11-17 17:01:58.000000,1111902,,,KAFKA,2023-11-17 17:01:59.000000,2023-12-23 03:04:26.913000
435,SUB_SORT,430,,0,,,MA,,10,5,N,LEASE,,,2023-11-17 17:02:20.000000,1111902,,,KAFKA,2023-11-17 17:02:21.000000,2023-12-23 03:04:26.913000
436,SUB_SORT,430,,0,,,,,10,5,N,LEASE,,,2023-11-17 17:02:45.000000,1111902,,,KAFKA,2023-11-17 17:02:46.000000,2023-12-23 03:04:26.913000
437,SUB_SORT,431,,0,,,,,4,4,N,SELF,,,2023-11-27 07:05:09.000000,1811051,,,KAFKA,2023-11-27 07:05:09.000000,2023-12-23 03:04:26.913000
438,SUB_SORT,430,,0,,,,,10,5,N,LEASE,,,2023-11-17 17:01:37.000000,1111902,,,KAFKA,2023-11-17 17:01:38.000000,2023-12-23 03:04:26.913000
439,ETC,439,,0,,,,,0,0,N,,,,2023-07-12 15:40:12.000000,1910031,,,KAFKA,2023-07-12 15:40:18.000000,2023-12-23 03:04:26.913000
440,SUB,440,,65,0700,,HN,,8,3,N,SELF,,,2023-09-27 14:11:44.000000,1910031,,,KAFKA,2023-09-27 14:11:49.000000,2023-12-23 03:04:26.913000
441,SUB,441,,50,,,NJ,,5,5,N,LEASE,,,2023-10-16 13:15:11.000000,1660923,,,KAFKA,2023-10-16 13:15:11.000000,2023-12-23 03:04:26.913000
442,SUB_SORT,440,,0,,,,,8,3,N,SELF,,,2023-11-17 17:12:17.000000,1111902,,,KAFKA,2023-11-17 17:12:18.000000,2023-12-23 03:04:26.913000
443,SUB,443,,80,,,KB,,2,3,N,LEASE,,,2023-09-27 14:11:44.000000,1910031,,,KAFKA,2023-09-27 14:11:49.000000,2023-12-23 03:04:26.913000
444,SUB,444,,50,,,NF,,2,2,N,LEASE,,,2023-10-16 13:14:37.000000,1660923,,,KAFKA,2023-10-16 13:14:37.000000,2023-12-23 03:04:26.913000
445,SUB_SORT,440,,0,,,,,8,3,N,SELF,,,2023-11-17 15:12:41.000000,1112204,,,KAFKA,2023-11-17 15:12:42.000000,2023-12-23 03:04:26.913000
446,SUB_SORT,443,,0,0700,,,,2,3,N,LEASE,,,2023-11-17 17:10:57.000000,1111902,,,KAFKA,2023-11-17 17:10:58.000000,2023-12-23 03:04:26.913000
447,SUB,447,,0,0700,,YH,,1,1,N,PICKDLV,,,2023-10-16 13:15:25.000000,1660923,,,KAFKA,2023-10-16 13:15:26.000000,2023-12-23 03:04:26.913000
448,SUB_SORT,440,,0,,,KE,,8,3,N,SELF,,,2023-09-27 14:11:44.000000,1910031,,,KAFKA,2023-09-27 14:11:49.000000,2023-12-23 03:04:26.913000
449,SUB_SORT,444,,0,,,,,2,2,N,LEASE,,,2023-11-17 15:10:44.000000,1112204,,,KAFKA,2023-11-17 15:10:45.000000,2023-12-23 03:04:26.913000
450,SUB,450,,45,0700,,AS,,6,6,N,SELF,,,2023-10-16 17:13:38.000000,9410833,,,KAFKA,2023-10-16 17:13:39.000000,2023-12-23 03:04:26.913000
451,SUB_SORT,450,,0,,,,,6,6,N,SELF,,,2023-11-17 17:04:00.000000,1111902,,,KAFKA,2023-11-17 17:04:00.000000,2023-12-23 03:04:26.913000
452,SUB_SORT,450,,0,,,,,6,6,N,SELF,,,2023-11-17 17:04:37.000000,1111902,,,KAFKA,2023-11-17 17:04:38.000000,2023-12-23 03:04:26.913000
453,CUST_WH,453,,0,,,EA,,0,,N,,2023-11-06 13:00:12.000000,1811014,2023-11-07 17:24:26.000000,1910031,2023-11-06 13:00:12.000000,1811014,KAFKA,2023-11-07 17:24:27.000000,2023-12-23 03:04:26.913000
454,CUST_WH,454,,0,,,EB,,0,,N,,2023-11-06 13:03:55.000000,1811014,2023-11-07 17:24:42.000000,1910031,2023-11-06 13:03:55.000000,1811014,KAFKA,2023-11-07 17:24:43.000000,2023-12-23 03:04:26.913000
455,CUST_WH,455,,0,,,ED,,0,,N,,2023-11-06 13:06:06.000000,1811014,2023-11-07 17:26:41.000000,1910031,2023-11-06 13:06:06.000000,1811014,KAFKA,2023-11-07 17:26:42.000000,2023-12-23 03:04:26.913000
456,CUST_WH,456,,0,,,EF,,0,,N,,2023-11-06 13:10:13.000000,1811014,2023-11-07 17:27:01.000000,1910031,2023-11-06 13:10:13.000000,1811014,KAFKA,2023-11-07 17:27:02.000000,2023-12-23 03:04:26.913000
457,CUST_WH,457,,0,,,FO,,0,,N,,2023-10-31 13:51:40.000000,1811014,2023-11-07 09:09:13.000000,1910031,2023-10-31 13:51:40.000000,1811014,KAFKA,2023-11-07 09:09:13.000000,2023-12-23 03:04:26.913000
458,SUB_SORT,450,,0,,,,,6,6,N,SELF,,,2023-10-16 17:16:06.000000,9410833,,,KAFKA,2023-10-16 17:16:07.000000,2023-12-23 03:04:26.913000
459,SUB_SORT,460,,0,,,,,6,6,N,SELF,,,2023-10-13 14:24:46.000000,0013801,,,KAFKA,2023-10-13 14:24:47.000000,2023-12-23 03:04:26.913000
460,SUB,460,,40,0600,,BD,,6,6,N,SELF,,,2023-10-13 14:23:37.000000,0013801,,,KAFKA,2023-10-13 14:23:38.000000,2023-12-23 03:04:26.913000
461,SUB,461,,30,,,GH,,8,7,N,SELF,,,2023-09-27 14:11:44.000000,1910031,,,KAFKA,2023-09-27 14:11:49.000000,2023-12-23 03:04:26.913000
462,SUB_SORT,480,,0,,,SN,,5,5,N,LEASE,,,2023-10-13 14:24:19.000000,0013801,,,KAFKA,2023-10-13 14:24:20.000000,2023-12-23 03:04:26.913000
463,SUB,463,,100,,,XJ,,8,7,N,SELF,,,2023-10-16 14:59:58.000000,0311301,,,KAFKA,2023-10-16 14:59:59.000000,2023-12-23 03:04:26.913000
464,SUB_SORT,471,,0,,,CI,,7,5,N,LEASE,,,2023-09-27 14:11:44.000000,1910031,,,KAFKA,2023-09-27 14:11:49.000000,2023-12-23 03:04:26.913000
465,SUB_SORT,480,,0,,,,,5,5,N,LEASE,,,2023-10-13 14:24:29.000000,0013801,,,KAFKA,2023-10-13 14:24:30.000000,2023-12-23 03:04:26.913000
466,SUB,466,,10,,,EJ,,2,2,N,LEASE,,,2023-09-27 14:11:44.000000,1910031,,,KAFKA,2023-09-27 14:11:49.000000,2023-12-23 03:04:26.913000
467,SUB,467,,35,,,EC,,5,4,N,LEASE,,,2023-12-18 15:53:08.000000,0311301,,,KAFKA,2023-12-18 15:53:08.000000,2023-12-23 03:04:26.913000
468,SUB_SORT,460,,0,,,,,6,6,N,SELF,,,2023-09-27 14:11:44.000000,1910031,,,KAFKA,2023-09-27 14:11:49.000000,2023-12-23 03:04:26.913000
469,SUB_SORT,467,,0,,,,,5,4,N,LEASE,,,2023-11-17 15:09:50.000000,1112204,,,KAFKA,2023-11-17 15:09:50.000000,2023-12-23 03:04:26.913000
470,SUB,470,,20,,,AN,,4,3,Y,LEASE,,,2023-10-13 15:43:34.000000,2211823,,,KAFKA,2023-10-13 15:43:35.000000,2023-12-23 03:04:26.913000
471,SUB,471,,40,,,NC,,7,5,N,LEASE,,,2023-10-16 15:00:30.000000,0311301,,,KAFKA,2023-10-16 15:00:31.000000,2023-12-23 03:04:26.913000
473,SUB_SORT,461,,0,,,,,8,7,N,SELF,,,2023-11-17 15:08:14.000000,1112204,,,KAFKA,2023-11-17 15:08:14.000000,2023-12-23 03:04:26.913000
474,CUST_WH,474,,0,,,EK,,0,,N,,2023-11-06 13:13:10.000000,1811014,2023-11-07 17:27:21.000000,1910031,2023-11-06 13:13:10.000000,1811014,KAFKA,2023-11-07 17:27:22.000000,2023-12-23 03:04:26.913000
475,CUST_WH,475,,0,,,TC,,0,,N,,2023-11-06 13:16:02.000000,1811014,2023-11-07 17:24:08.000000,1910031,2023-11-06 13:16:02.000000,1811014,KAFKA,2023-11-07 17:24:09.000000,2023-12-23 03:04:26.913000
476,CUST_WH,476,,0,,,FV,,0,,N,,2023-11-06 13:18:05.000000,1811014,2023-11-07 15:38:44.000000,1910031,2023-11-06 13:18:05.000000,1811014,KAFKA,2023-11-07 15:38:45.000000,2023-12-23 03:04:26.913000
477,HUB,477,,0,0600,,FA,,36,10,N,LEASE,,,2023-10-13 15:42:10.000000,2211823,,,KAFKA,2023-10-13 15:42:11.000000,2023-12-23 03:04:26.913000
480,SUB,480,,30,,,GW,,5,5,N,LEASE,,,2023-10-13 14:23:52.000000,0013801,,,KAFKA,2023-10-13 14:23:53.000000,2023-12-23 03:04:26.913000
482,SUB_SORT,480,,30,,,,,5,5,N,LEASE,,,2023-10-13 14:25:10.000000,0013801,,,KAFKA,2023-10-13 14:25:10.000000,2023-12-23 03:04:26.913000
483,SUB,483,,25,,,SD,,3,3,N,LEASE,,,2023-10-13 14:23:03.000000,0013801,,,KAFKA,2023-10-13 14:23:04.000000,2023-12-23 03:04:26.913000
484,SUB_SORT,483,,0,,,,,3,3,N,LEASE,2023-09-11 16:43:26.000000,1112204,2023-10-13 14:23:13.000000,0013801,2023-09-11 16:43:26.000000,1112204,KAFKA,2023-10-13 14:23:14.000000,2023-12-23 03:04:26.913000
485,CUST_WH,485,,0,,,FZ,,0,,N,,2023-11-28 16:18:07.000000,1811014,2023-11-29 09:10:38.000000,1910031,2023-11-28 16:18:07.000000,1811014,KAFKA,2023-11-29 09:10:38.000000,2023-12-23 03:04:26.913000
490,SUB,490,,30,,,HS,,4,4,N,LEASE,,,2023-09-27 14:11:44.000000,1910031,,,KAFKA,2023-09-27 14:11:49.000000,2023-12-23 03:04:26.913000
491,SUB,491,,0,,,DT,,0,3,N,LEASE,,,2023-11-27 07:05:09.000000,1811051,,,KAFKA,2023-11-27 07:05:09.000000,2023-12-23 03:04:26.913000
492,SUB_SORT,491,,0,,,,,0,3,N,LEASE,,,2023-09-27 14:11:44.000000,1910031,,,KAFKA,2023-09-27 14:11:49.000000,2023-12-23 03:04:26.913000
494,SUB_SORT,431,,0,,,,,4,4,N,SELF,,,2023-11-27 07:04:50.000000,1811051,,,KAFKA,2023-11-27 07:04:51.000000,2023-12-23 03:04:26.913000
495,SUB_SORT,490,,0,,,,,4,4,N,LEASE,,,2023-09-27 14:11:44.000000,1910031,,,KAFKA,2023-09-27 14:11:49.000000,2023-12-23 03:04:26.913000
500,HUB,500,,40,0700,,KJ,,12,4,N,SELF,,,2023-09-27 14:11:44.000000,1910031,,,KAFKA,2023-09-27 14:11:49.000000,2023-12-23 03:04:26.913000
501,SUB_SORT,500,,0,,,NM,,12,4,N,SELF,,,2023-10-17 08:57:40.000000,1911114,,,KAFKA,2023-10-17 08:57:42.000000,2023-12-23 03:04:26.913000
502,SUB,502,,0,,,NA,,8,2,N,LEASE,,,2023-09-27 14:11:44.000000,1910031,,,KAFKA,2023-09-27 14:11:49.000000,2023-12-23 03:04:26.913000
503,SUB_SORT,500,,0,,,,,12,4,N,SELF,,,2023-10-17 08:58:02.000000,1911114,,,KAFKA,2023-10-17 08:58:03.000000,2023-12-23 03:04:26.913000
504,SUB_SORT,500,,0,,,,,12,4,N,SELF,,,2023-10-17 08:58:14.000000,1911114,,,KAFKA,2023-10-17 08:58:15.000000,2023-12-23 03:04:26.913000
505,SUB_SORT,500,,0,,,,,12,4,N,SELF,,,2023-10-17 08:57:52.000000,1911114,,,KAFKA,2023-10-17 08:57:53.000000,2023-12-23 03:04:26.913000
506,SUB,506,,0,,,JN,,0,0,N,PICKDLV,,,2023-11-21 10:23:49.000000,1911114,,,KAFKA,2023-11-21 10:23:50.000000,2023-12-23 03:04:26.913000
507,SUB,507,,0,,,EE,,1,1,N,PICKDLV,,,2023-10-16 14:30:48.000000,1811180,,,KAFKA,2023-10-16 14:30:49.000000,2023-12-23 03:04:26.913000
508,SUB_SORT,500,,0,,,,,12,4,N,SELF,,,2023-10-17 09:01:01.000000,1911114,,,KAFKA,2023-10-17 09:01:01.000000,2023-12-23 03:04:26.913000
509,ETC,509,,0,,,,,0,0,N,,,,2023-07-12 15:40:12.000000,1910031,,,KAFKA,2023-07-12 15:40:18.000000,2023-12-23 03:04:26.913000
510,SUB,510,,14,,,JJ,,4,4,N,SELF,,,2023-09-27 14:11:44.000000,1910031,,,KAFKA,2023-09-27 14:11:49.000000,2023-12-23 03:04:26.913000
511,SUB_SORT,510,,0,,,,,4,4,N,SELF,,,2023-11-17 17:14:25.000000,1111902,,,KAFKA,2023-11-17 17:14:26.000000,2023-12-23 03:04:26.913000
512,SUB,512,,0,,,KI,,1,1,N,PICKDLV,,,2023-09-27 14:11:44.000000,1910031,,,KAFKA,2023-09-27 14:11:49.000000,2023-12-23 03:04:26.913000
513,SUB_SORT,510,,0,,,JL,,4,4,N,SELF,,,2023-09-27 14:11:44.000000,1910031,,,KAFKA,2023-09-27 14:11:49.000000,2023-12-23 03:04:26.913000
518,SUB_SORT,510,,0,,,,,4,4,N,SELF,,,2023-11-17 17:15:02.000000,1111902,,,KAFKA,2023-11-17 17:15:03.000000,2023-12-23 03:04:26.913000
520,SUB,520,,1,,,SU,,4,2,N,LEASE,,,2023-10-17 09:25:38.000000,0014210,,,KAFKA,2023-10-17 09:25:39.000000,2023-12-23 03:04:26.913000
521,SUB,521,,0,,,BS,,0,0,N,PICKDLV,,,2023-09-27 14:11:44.000000,1910031,,,KAFKA,2023-09-27 14:11:49.000000,2023-12-23 03:04:26.913000
522,SUB,522,,10,,,KY,,2,2,N,LEASE,,,2023-09-27 14:11:44.000000,1910031,,,KAFKA,2023-09-27 14:11:49.000000,2023-12-23 03:04:26.913000
523,SUB,523,,0,,,HD,,1,1,N,PICKDLV,,,2023-09-27 14:11:44.000000,1910031,,,KAFKA,2023-09-27 14:11:49.000000,2023-12-23 03:04:26.913000
524,SUB,524,,0,,,GR,,1,1,N,PICKDLV,,,2023-09-27 14:11:44.000000,1910031,,,KAFKA,2023-09-27 14:11:49.000000,2023-12-23 03:04:26.913000
528,SUB_SORT,520,,0,,,,,4,2,N,LEASE,,,2023-10-17 09:25:38.000000,0014210,,,KAFKA,2023-10-17 09:25:39.000000,2023-12-23 03:04:26.913000
530,SUB,530,,0,,,JU,,4,2,N,LEASE,,,2023-09-27 14:11:44.000000,1910031,,,KAFKA,2023-09-27 14:11:49.000000,2023-12-23 03:04:26.913000
531,SUB,531,,0,,,GG,,0,1,N,PICKDLV,,,2023-10-17 08:52:18.000000,1911114,,,KAFKA,2023-10-17 08:52:19.000000,2023-12-23 03:04:26.913000
532,SUB,532,,0,,,BA,,0,0,N,PICKDLV,,,2023-10-17 08:51:55.000000,1911114,,,KAFKA,2023-10-17 08:51:56.000000,2023-12-23 03:04:26.913000
533,SUB_SORT,500,,45,,,,,12,4,N,SELF,,,2023-10-17 08:49:39.000000,1911114,,,KAFKA,2023-10-17 08:49:40.000000,2023-12-23 03:04:26.913000
540,SUB,540,,12,,,MO,,8,4,N,LEASE,,,2023-10-18 16:44:28.000000,2111200,,,KAFKA,2023-10-18 16:44:29.000000,2023-12-23 03:04:26.913000
541,SUB,541,,0,,,MU,,0,2,N,PICKDLV,,,2023-09-27 14:11:44.000000,1910031,,,KAFKA,2023-09-27 14:11:49.000000,2023-12-23 03:04:26.913000
542,SUB,542,,0,,,HP,,0,0,N,PICKDLV,,,2023-09-27 14:11:44.000000,1910031,,,KAFKA,2023-09-27 14:11:49.000000,2023-12-23 03:04:26.913000
544,SUB,544,,0,,,JD,,1,1,N,PICKDLV,,,2023-09-27 14:11:44.000000,1910031,,,KAFKA,2023-09-27 14:11:49.000000,2023-12-23 03:04:26.913000
550,SUB,550,,0,,,IS,,2,2,N,LEASE,,,2023-09-27 14:11:44.000000,1910031,,,KAFKA,2023-09-27 14:11:49.000000,2023-12-23 03:04:26.913000
560,SUB,560,,0,,,HA,,1,1,N,PICKDLV,,,2023-09-27 14:11:44.000000,1910031,,,KAFKA,2023-09-27 14:11:49.000000,2023-12-23 03:04:26.913000
561,SUB,561,,0,,,HE,,2,2,N,PICKDLV,,,2023-10-16 14:25:50.000000,1811180,,,KAFKA,2023-10-16 14:25:51.000000,2023-12-23 03:04:26.913000
570,SUB,570,,0,,,KS,,3,3,N,LEASE,,,2023-09-27 14:11:44.000000,1910031,,,KAFKA,2023-09-27 14:11:49.000000,2023-12-23 03:04:26.913000
575,SUB,575,,0,,,SR,,1,1,N,PICKDLV,,,2023-09-27 14:11:44.000000,1910031,,,KAFKA,2023-09-27 14:11:49.000000,2023-12-23 03:04:26.913000
580,SUB,580,,1,,,YU,,2,2,N,LEASE,,,2023-09-27 14:11:44.000000,1910031,,,KAFKA,2023-09-27 14:11:49.000000,2023-12-23 03:04:26.913000
590,SUB,590,,0,,,NW,,2,2,N,LEASE,,,2023-09-27 14:11:44.000000,1910031,,,KAFKA,2023-09-27 14:11:49.000000,2023-12-23 03:04:26.913000
591,SUB,591,,0,,,GK,,1,1,N,PICKDLV,,,2023-09-27 14:11:44.000000,1910031,,,KAFKA,2023-09-27 14:11:49.000000,2023-12-23 03:04:26.913000
595,SUB,595,,0,,,JS,,1,1,N,PICKDLV,,,2023-09-27 14:11:44.000000,1910031,,,KAFKA,2023-09-27 14:11:49.000000,2023-12-23 03:04:26.913000
596,SUB,596,,0,,,IM,,1,,N,PICKDLV,,,2023-11-22 15:05:56.000000,1910031,,,KAFKA,2023-11-22 15:05:57.000000,2023-12-23 03:04:26.913000
600,SUB,600,,53,,,NB,,6,7,N,SELF,,,2023-11-02 13:07:31.000000,0012692,,,KAFKA,2023-11-02 13:07:31.000000,2023-12-23 03:04:26.913000
601,SUB_SORT,600,,0,,,DB,,6,7,N,SELF,,,2023-11-02 13:08:08.000000,0012692,,,KAFKA,2023-11-02 13:08:09.000000,2023-12-23 03:04:26.913000
602,SUB_SORT,600,,0,,,,,6,7,N,SELF,,,2023-10-13 14:27:26.000000,0012692,,,KAFKA,2023-10-13 14:27:27.000000,2023-12-23 03:04:26.913000
603,SUB,603,,30,,,KG,,4,3,N,LEASE,,,2023-12-04 19:43:47.000000,0012692,,,KAFKA,2023-12-04 19:43:49.000000,2023-12-23 03:04:26.913000
604,SUB_SORT,600,,0,,,,,6,7,N,SELF,2022-12-23 11:23:16.000000,1112193,2023-10-13 14:27:08.000000,0012692,2022-12-23 11:23:16.000000,1112193,KAFKA,2023-10-13 14:27:09.000000,2023-12-23 03:04:26.913000
605,SUB,605,,50,,,PD,,2,2,N,LEASE,,,2023-10-20 18:26:09.000000,2481441,,,KAFKA,2023-10-20 18:26:09.000000,2023-12-23 03:04:26.913000
606,SUB_SORT,600,,0,,,,,6,7,N,SELF,,,2023-10-13 14:37:28.000000,0012692,,,KAFKA,2023-10-13 14:37:29.000000,2023-12-23 03:04:26.913000
608,SUB_SORT,600,,0,,,,,6,7,N,SELF,,,2023-11-02 13:07:52.000000,0012692,,,KAFKA,2023-11-02 13:07:53.000000,2023-12-23 03:04:26.913000
609,ETC,609,,0,,,,,0,0,N,,,,2023-07-12 15:40:12.000000,1910031,,,KAFKA,2023-07-12 15:40:18.000000,2023-12-23 03:04:26.913000
610,SUB,610,,0,,,JA,,2,2,N,SELF,,,2023-09-27 14:11:44.000000,1910031,,,KAFKA,2023-09-27 14:11:49.000000,2023-12-23 03:04:26.913000
611,SUB,611,,0,,,SA,,1,1,N,LEASE,,,2023-09-27 14:11:44.000000,1910031,,,KAFKA,2023-09-27 14:11:49.000000,2023-12-23 03:04:26.913000
612,SUB_SORT,610,,0,,,JC,,2,2,N,SELF,,,2023-10-13 14:52:57.000000,0712062,,,KAFKA,2023-10-13 14:52:58.000000,2023-12-23 03:04:26.913000
619,ETC,619,,0,,,,,0,0,N,,,,2023-07-12 15:40:12.000000,1910031,,,KAFKA,2023-07-12 15:40:18.000000,2023-12-23 03:04:26.913000
620,SUB,620,,45,,,US,,3,3,N,SELF,,,2023-09-27 14:11:44.000000,1910031,,,KAFKA,2023-09-27 14:11:49.000000,2023-12-23 03:04:26.913000
621,SUB,621,,10,,,BU,,1,1,N,LEASE,,,2023-09-27 14:11:44.000000,1910031,,,KAFKA,2023-09-27 14:11:49.000000,2023-12-23 03:04:26.913000
622,SUB,622,,0,,,UN,,2,2,N,LEASE,,,2023-09-27 14:11:44.000000,1910031,,,KAFKA,2023-09-27 14:11:49.000000,2023-12-23 03:04:26.913000
623,SUB_SORT,620,,0,,,,,3,3,N,SELF,,,2023-10-13 14:28:38.000000,2311315,,,KAFKA,2023-10-13 14:28:39.000000,2023-12-23 03:04:26.913000
624,CUST_WH,624,,0,,,,,0,0,N,,,,2023-07-12 15:40:12.000000,1910031,,,KAFKA,2023-07-12 15:40:18.000000,2023-12-23 03:04:26.913000
625,SUB_SORT,620,,0,,,,,3,3,N,SELF,,,2023-10-13 14:28:38.000000,2311315,,,KAFKA,2023-10-13 14:28:39.000000,2023-12-23 03:04:26.913000
626,SUB_SORT,622,,0,,,,,2,2,N,LEASE,,,2023-10-13 14:28:38.000000,2311315,,,KAFKA,2023-10-13 14:28:39.000000,2023-12-23 03:04:26.913000
628,SUB_SORT,620,,0,,,,,3,3,N,SELF,,,2023-10-13 14:31:39.000000,2311315,,,KAFKA,2023-10-13 14:31:40.000000,2023-12-23 03:04:26.913000
629,CUST_WH,629,,0,,,FF,,0,,N,,2023-10-31 15:03:17.000000,1811014,2023-11-07 09:12:37.000000,1910031,2023-10-31 15:03:17.000000,1811014,KAFKA,2023-11-07 09:12:38.000000,2023-12-23 03:04:26.913000
630,SUB,630,,17,,,CW,,3,3,N,SELF,,,2023-09-27 14:11:44.000000,1910031,,,KAFKA,2023-09-27 14:11:49.000000,2023-12-23 03:04:26.913000
631,SUB,631,,0,,,JH,,1,1,N,LEASE,,,2023-09-27 14:11:44.000000,1910031,,,KAFKA,2023-09-27 14:11:49.000000,2023-12-23 03:04:26.913000
632,SUB,632,,0,,,MS,,2,2,N,LEASE,,,2023-09-27 14:11:44.000000,1910031,,,KAFKA,2023-09-27 14:11:49.000000,2023-12-23 03:04:26.913000
633,SUB,633,,0,,,HM,,1,1,N,PICKDLV,,,2023-12-12 10:27:45.000000,0014151,,,KAFKA,2023-12-12 10:27:47.000000,2023-12-23 03:04:26.913000
634,SUB,634,,0,,,CY,,1,1,N,PICKDLV,,,2023-09-27 14:11:44.000000,1910031,,,KAFKA,2023-09-27 14:11:49.000000,2023-12-23 03:04:26.913000
635,CUST_WH,635,,0,,,FG,,0,,N,,2023-10-31 14:59:33.000000,1811014,2023-11-07 09:12:50.000000,1910031,2023-10-31 14:59:33.000000,1811014,KAFKA,2023-11-07 09:12:51.000000,2023-12-23 03:04:26.913000
636,SUB,636,,0,,,UR,,1,,N,,,,2023-11-23 14:09:29.000000,1910031,,,KAFKA,2023-11-23 14:09:30.000000,2023-12-23 03:04:26.913000
637,SUB_SORT,632,,0,,,,,2,2,N,LEASE,,,2023-09-27 14:11:44.000000,1910031,,,KAFKA,2023-09-27 14:11:49.000000,2023-12-23 03:04:26.913000
638,SUB_SORT,630,,0,,,,,3,3,N,SELF,,,2023-09-27 14:11:44.000000,1910031,,,KAFKA,2023-09-27 14:11:49.000000,2023-12-23 03:04:26.913000
639,CUST_WH,639,,0,,,CF,,0,0,N,,,,2023-11-17 15:00:42.000000,1112204,,,KAFKA,2023-11-17 15:00:43.000000,2023-12-23 03:04:26.913000
640,SUB,640,,65,,,SB,,3,2,N,SELF,,,2023-10-20 18:37:46.000000,2481441,,,KAFKA,2023-10-20 18:37:47.000000,2023-12-23 03:04:26.913000
641,SUB_SORT,640,,0,,,,,3,2,N,SELF,,,2023-11-17 14:56:42.000000,1112204,,,KAFKA,2023-11-17 14:56:42.000000,2023-12-23 03:04:26.913000
650,SUB,650,,25,,,KH,,4,3,N,LEASE,,,2023-10-13 14:29:04.000000,9121055,,,KAFKA,2023-10-13 14:29:05.000000,2023-12-23 03:04:26.913000
658,SUB_SORT,660,,0,,,,,6,5,N,LEASE,,,2023-10-13 14:29:18.000000,9121055,,,KAFKA,2023-10-13 14:29:19.000000,2023-12-23 03:04:26.913000
660,SUB,660,,43,0700,,,,6,5,N,LEASE,,,2023-12-12 10:27:53.000000,9121055,,,KAFKA,2023-12-12 10:27:54.000000,2023-12-23 03:04:26.913000
661,SUB_SORT,660,,43,0800,,YS,,6,5,N,LEASE,,,2023-10-13 14:28:35.000000,9121055,,,KAFKA,2023-10-13 14:28:36.000000,2023-12-23 03:04:26.913000
662,SUB,662,,0,,,PK,,2,2,N,LEASE,,,2023-10-20 18:38:09.000000,2481441,,,KAFKA,2023-10-20 18:38:10.000000,2023-12-23 03:04:26.913000
668,SUB_SORT,660,,0,,,,,6,5,N,LEASE,,,2023-10-13 14:30:00.000000,9121055,,,KAFKA,2023-10-13 14:30:01.000000,2023-12-23 03:04:26.913000
669,SUB_SORT,660,,65,,,,,6,5,N,LEASE,,,2023-11-17 14:59:04.000000,1112204,,,KAFKA,2023-11-17 14:59:05.000000,2023-12-23 03:04:26.913000
670,SUB,670,,20,0700,,JI,,5,5,N,SELF,,,2023-10-17 09:21:28.000000,0310936,,,KAFKA,2023-10-17 09:21:31.000000,2023-12-23 03:04:26.913000
671,SUB,671,,0,,,GO,,1,1,N,PICKDLV,,,2023-09-27 14:11:44.000000,1910031,,,KAFKA,2023-09-27 14:11:49.000000,2023-12-23 03:04:26.913000
673,SUB_SORT,670,,0,,,,,5,5,N,SELF,,,2023-10-17 09:22:02.000000,0310936,,,KAFKA,2023-10-17 09:22:03.000000,2023-12-23 03:04:26.913000
674,SUB,674,,0,0700,,NH,,1,1,N,PICKDLV,,,2023-09-27 14:11:44.000000,1910031,,,KAFKA,2023-09-27 14:11:49.000000,2023-12-23 03:04:26.913000
680,SUB,680,,0,,,GJ,,1,2,N,LEASE,,,2023-09-27 14:11:44.000000,1910031,,,KAFKA,2023-09-27 14:11:49.000000,2023-12-23 03:04:26.913000
681,SUB,681,,0,,,TY,,3,3,N,LEASE,,,2023-09-27 14:11:44.000000,1910031,,,KAFKA,2023-09-27 14:11:49.000000,2023-12-23 03:04:26.913000
684,SUB_SORT,680,,0,,,,,1,2,N,LEASE,,,2023-11-17 15:00:06.000000,1112204,,,KAFKA,2023-11-17 15:00:06.000000,2023-12-23 03:04:26.913000
690,SUB,690,,0,,,KC,,0,0,N,PICKDLV,,,2023-10-17 09:20:03.000000,0310936,,,KAFKA,2023-10-17 09:20:04.000000,2023-12-23 03:04:26.913000
691,SUB,691,,0,,,MI,,2,2,N,PICKDLV,,,2023-09-27 14:11:44.000000,1910031,,,KAFKA,2023-09-27 14:11:49.000000,2023-12-23 03:04:26.913000
692,SUB,692,,0,,,CD,,0,0,N,PICKDLV,,,2023-10-16 13:25:14.000000,9410833,,,KAFKA,2023-10-16 13:25:15.000000,2023-12-23 03:04:26.913000
693,SUB,693,,0,,,HY,,2,2,N,PICKDLV,,,2023-09-27 14:11:44.000000,1910031,,,KAFKA,2023-09-27 14:11:49.000000,2023-12-23 03:04:26.913000
694,SUB,694,,0,,,DM,,0,0,N,PICKDLV,,,2023-10-17 09:23:58.000000,0310936,,,KAFKA,2023-10-17 09:23:59.000000,2023-12-23 03:04:26.913000
695,SUB,695,,0,,,HC,,1,1,N,PICKDLV,,,2023-10-17 09:23:17.000000,0310936,,,KAFKA,2023-10-17 09:23:18.000000,2023-12-23 03:04:26.913000
700,SUB_SORT,701,,0,0700,,,,7,4,N,LEASE,,,2023-09-27 14:11:44.000000,1910031,,,KAFKA,2023-09-27 14:11:49.000000,2023-12-23 03:04:26.913000
701,SUB,701,,38,,,TG,,7,4,N,LEASE,,,2023-09-27 14:11:44.000000,1910031,,,KAFKA,2023-09-27 14:11:49.000000,2023-12-23 03:04:26.913000
702,SUB,702,,25,,,BT,,4,2,N,SELF,,,2023-10-16 13:23:55.000000,9410833,,,KAFKA,2023-10-16 13:23:56.000000,2023-12-23 03:04:26.913000
703,SUB,703,,0,0700,,DA,,3,2,N,LEASE,,,2023-09-27 14:11:44.000000,1910031,,,KAFKA,2023-09-27 14:11:49.000000,2023-12-23 03:04:26.913000
704,SUB_SORT,701,,0,0700,,,,7,4,N,LEASE,,,2023-10-13 14:28:00.000000,0012891,,,KAFKA,2023-10-13 14:28:01.000000,2023-12-23 03:04:26.913000
705,SUB_SORT,701,,0,0700,,,,7,4,N,LEASE,,,2023-10-13 14:27:16.000000,0012891,,,KAFKA,2023-10-13 14:27:17.000000,2023-12-23 03:04:26.913000
706,SUB,706,,0,0700,,KX,,0,0,N,PICKDLV,,,2023-09-27 14:11:44.000000,1910031,,,KAFKA,2023-09-27 14:11:49.000000,2023-12-23 03:04:26.913000
707,SUB_SORT,701,,0,,,,,7,4,N,LEASE,,,2023-11-17 14:55:57.000000,1112204,,,KAFKA,2023-11-17 14:55:57.000000,2023-12-23 03:04:26.913000
708,SUB_SORT,701,,0,,,,,7,4,N,LEASE,,,2023-10-13 14:29:54.000000,0012891,,,KAFKA,2023-10-13 14:29:55.000000,2023-12-23 03:04:26.913000
709,ETC,709,,0,,,,,0,0,N,,,,2023-07-12 15:40:12.000000,1910031,,,KAFKA,2023-07-12 15:40:18.000000,2023-12-23 03:04:26.913000
710,SUB,710,,28,,,KM,,5,3,N,LEASE,,,2023-09-27 14:11:44.000000,1910031,,,KAFKA,2023-09-27 14:11:49.000000,2023-12-23 03:04:26.913000
711,SUB,711,,0,,,GC,,2,2,N,LEASE,,,2023-09-27 14:11:44.000000,1910031,,,KAFKA,2023-09-27 14:11:49.000000,2023-12-23 03:04:26.913000
712,SUB_SORT,710,,0,,,CG,,5,3,N,LEASE,,,2023-09-27 14:11:44.000000,1910031,,,KAFKA,2023-09-27 14:11:49.000000,2023-12-23 03:04:26.913000
713,SUB,713,,0,,,SZ,,1,1,N,PICKDLV,,,2023-09-27 14:11:44.000000,1910031,,,KAFKA,2023-09-27 14:11:49.000000,2023-12-23 03:04:26.913000
714,ETC,714,,0,,,,,0,0,N,,,,2023-09-22 18:49:40.000000,1910031,,,KAFKA,2023-09-22 18:49:41.000000,2023-12-23 03:04:26.913000
717,HUB,717,,0,0600,,GB,,46,12,N,LEASE,,,2023-09-27 14:11:44.000000,1910031,,,KAFKA,2023-09-27 14:11:49.000000,2023-12-23 03:04:26.913000
720,SUB,720,,10,,,GS,,3,3,N,LEASE,,,2023-10-16 13:24:49.000000,9410833,,,KAFKA,2023-10-16 13:24:50.000000,2023-12-23 03:04:26.913000
721,SUB,721,,0,,,OC,,1,1,N,PICKDLV,,,2023-10-16 13:25:00.000000,9410833,,,KAFKA,2023-10-16 13:25:01.000000,2023-12-23 03:04:26.913000
730,SUB,730,,0,,,PH,,3,3,N,SELF,,,2023-09-27 14:11:44.000000,1910031,,,KAFKA,2023-09-27 14:11:49.000000,2023-12-23 03:04:26.913000
731,SUB_SORT,730,,0,,,,,3,3,N,SELF,,,2023-09-27 14:11:44.000000,1910031,,,KAFKA,2023-09-27 14:11:49.000000,2023-12-23 03:04:26.913000
740,SUB,740,,0,,,AD,,3,3,N,LEASE,,,2023-10-17 17:05:54.000000,9410844,,,KAFKA,2023-10-17 17:05:56.000000,2023-12-23 03:04:26.913000
741,SUB,741,,0,,,WS,,1,1,N,PICKDLV,,,2023-09-27 14:11:44.000000,1910031,,,KAFKA,2023-09-27 14:11:49.000000,2023-12-23 03:04:26.913000
742,SUB,742,,0,,,KU,,1,1,N,PICKDLV,,,2023-09-27 14:11:44.000000,1910031,,,KAFKA,2023-09-27 14:11:49.000000,2023-12-23 03:04:26.913000
743,SUB,743,,0,,,CO,,1,1,N,PICKDLV,,,2023-09-27 14:11:44.000000,1910031,,,KAFKA,2023-09-27 14:11:49.000000,2023-12-23 03:04:26.913000
744,SUB,744,,0,,,YY,,0,0,N,PICKDLV,,,2023-10-17 17:06:13.000000,9410844,,,KAFKA,2023-10-17 17:06:16.000000,2023-12-23 03:04:26.913000
750,SUB,750,,0,,,UJ,,1,1,N,PICKDLV,,,2023-09-27 14:11:44.000000,1910031,,,KAFKA,2023-09-27 14:11:49.000000,2023-12-23 03:04:26.913000
751,SUB,751,,0,,,YT,,1,1,N,PICKDLV,,,2023-09-27 14:11:44.000000,1910031,,,KAFKA,2023-09-27 14:11:49.000000,2023-12-23 03:04:26.913000
760,SUB,760,,0,,,YJ,,2,2,N,LEASE,,,2023-09-27 14:11:44.000000,1910031,,,KAFKA,2023-09-27 14:11:49.000000,2023-12-23 03:04:26.913000
761,SUB,761,,0,,,YC,,1,1,N,PICKDLV,,,2023-09-27 14:11:44.000000,1910031,,,KAFKA,2023-09-27 14:11:49.000000,2023-12-23 03:04:26.913000
762,SUB,762,,0,,,BH,,1,1,N,PICKDLV,,,2023-10-17 17:05:39.000000,9410844,,,KAFKA,2023-10-17 17:05:40.000000,2023-12-23 03:04:26.913000
770,SUB_SORT,772,,0,,,DE,,6,3,N,LEASE,,,2023-10-16 13:24:08.000000,9410833,,,KAFKA,2023-10-16 13:24:09.000000,2023-12-23 03:04:26.913000
771,SUB_SORT,772,,0,,,,,6,3,N,LEASE,,,2023-10-16 13:24:21.000000,9410833,,,KAFKA,2023-10-16 13:24:22.000000,2023-12-23 03:04:26.913000
772,SUB,772,,30,,,DG,,6,3,N,LEASE,,,2023-10-16 13:24:37.000000,9410833,,,KAFKA,2023-10-16 13:24:38.000000,2023-12-23 03:04:26.913000
773,CUST_WH,773,,0,,,FB,,0,,N,,2023-10-31 13:56:40.000000,2110415,2023-11-07 09:13:23.000000,1910031,2023-10-31 13:56:40.000000,2110415,KAFKA,2023-11-07 09:13:24.000000,2023-12-23 03:04:26.913000
774,CUST_WH,774,,0,,,FC,,0,,N,,2023-10-31 14:11:55.000000,2110415,2023-11-07 09:13:38.000000,1910031,2023-10-31 14:11:55.000000,2110415,KAFKA,2023-11-07 09:13:39.000000,2023-12-23 03:04:26.913000
776,CUST_WH,776,,0,,,DP,,0,0,N,,,,2023-11-17 14:56:24.000000,1112204,,,KAFKA,2023-11-17 14:56:25.000000,2023-12-23 03:04:26.913000
777,CUST_WH,777,,0,,,CK,,0,0,N,,,,2023-11-03 16:01:07.000000,1910031,,,KAFKA,2023-11-03 16:01:08.000000,2023-12-23 03:04:26.913000
778,CUST_WH,778,,0,,,FD,,0,,N,,2023-10-31 14:27:20.000000,2110415,2023-11-07 09:14:25.000000,1910031,2023-10-31 14:27:20.000000,2110415,KAFKA,2023-11-07 09:14:26.000000,2023-12-23 03:04:26.913000
780,SUB,780,,0,,,SJ,,1,1,N,PICKDLV,,,2023-09-27 14:11:44.000000,1910031,,,KAFKA,2023-09-27 14:11:49.000000,2023-12-23 03:04:26.913000
781,SUB,781,,0,,,MK,,1,1,N,PICKDLV,,,2023-09-27 14:11:44.000000,1910031,,,KAFKA,2023-09-27 14:11:49.000000,2023-12-23 03:04:26.913000
790,SUB,790,,0,,,KO,,3,3,N,LEASE,,,2023-09-27 14:11:44.000000,1910031,,,KAFKA,2023-09-27 14:11:49.000000,2023-12-23 03:04:26.913000
791,SUB_SORT,790,,0,,,NK,,3,3,N,LEASE,,,2023-09-27 14:11:44.000000,1910031,,,KAFKA,2023-09-27 14:11:49.000000,2023-12-23 03:04:26.913000
800,ETC,800,,0,,,,,0,0,N,,,,2023-09-22 18:49:54.000000,1910031,,,KAFKA,2023-09-22 18:49:55.000000,2023-12-23 03:04:26.913000
801,ETC,801,,0,,,,,0,0,N,,,,2023-09-20 09:14:16.000000,1910031,,,KAFKA,2023-09-20 09:14:16.000000,2023-12-23 03:04:26.913000
802,ETC,802,,0,,,,,0,0,N,,,,2023-09-20 09:14:26.000000,1910031,,,KAFKA,2023-09-20 09:14:27.000000,2023-12-23 03:04:26.913000
810,ETC,810,,0,,,,,0,0,N,,,,2023-07-12 15:40:12.000000,1910031,,,KAFKA,2023-07-12 15:40:18.000000,2023-12-23 03:04:26.913000
811,ETC,811,,0,,,,,0,0,N,,,,2023-07-12 15:40:12.000000,1910031,,,KAFKA,2023-07-12 15:40:18.000000,2023-12-23 03:04:26.913000
812,ETC,812,,0,,,,,0,0,N,,,,2023-07-12 15:40:12.000000,1910031,,,KAFKA,2023-07-12 15:40:18.000000,2023-12-23 03:04:26.913000
813,ETC,813,,0,,,,,0,0,N,,,,2023-07-12 15:40:12.000000,1910031,,,KAFKA,2023-07-12 15:40:18.000000,2023-12-23 03:04:26.913000
815,ETC,815,,0,,,,,0,0,N,,,,2023-07-12 15:40:12.000000,1910031,,,KAFKA,2023-07-12 15:40:18.000000,2023-12-23 03:04:26.913000
820,SUB,820,,0,,,DL,,0,0,N,,,,2023-09-20 08:59:36.000000,1910031,,,KAFKA,2023-09-20 08:59:37.000000,2023-12-23 03:04:26.913000
821,SUB,821,,0,,,,,0,0,N,,,,2023-09-20 08:59:36.000000,1910031,,,KAFKA,2023-09-20 08:59:37.000000,2023-12-23 03:04:26.913000
822,SUB,822,,0,,,,,0,0,N,,,,2023-09-20 08:59:36.000000,1910031,,,KAFKA,2023-09-20 08:59:37.000000,2023-12-23 03:04:26.913000
823,SUB,823,,0,,,,,0,0,N,,,,2023-09-20 08:59:36.000000,1910031,,,KAFKA,2023-09-20 08:59:37.000000,2023-12-23 03:04:26.913000
824,SUB,824,,0,,,,,0,0,N,,,,2023-09-20 08:59:36.000000,1910031,,,KAFKA,2023-09-20 08:59:37.000000,2023-12-23 03:04:26.913000
825,SUB,825,,0,,,,,0,0,N,,,,2023-09-20 08:59:36.000000,1910031,,,KAFKA,2023-09-20 08:59:37.000000,2023-12-23 03:04:26.913000
826,SUB,826,,0,,,,,0,0,N,,,,2023-09-20 08:59:36.000000,1910031,,,KAFKA,2023-09-20 08:59:37.000000,2023-12-23 03:04:26.913000
827,SUB,827,,0,,,,,0,0,N,,,,2023-09-20 08:59:36.000000,1910031,,,KAFKA,2023-09-20 08:59:37.000000,2023-12-23 03:04:26.913000
828,SUB,828,,0,,,,,0,0,N,,,,2023-09-20 08:59:36.000000,1910031,,,KAFKA,2023-09-20 08:59:37.000000,2023-12-23 03:04:26.913000
829,SUB,829,,0,,,,,0,0,N,,,,2023-09-20 08:59:36.000000,1910031,,,KAFKA,2023-09-20 08:59:37.000000,2023-12-23 03:04:26.913000
830,SUB,830,,0,,,,,0,0,N,,,,2023-09-20 08:59:36.000000,1910031,,,KAFKA,2023-09-20 08:59:37.000000,2023-12-23 03:04:26.913000
831,SUB,831,,0,,,,,0,0,N,,,,2023-09-20 08:59:36.000000,1910031,,,KAFKA,2023-09-20 08:59:37.000000,2023-12-23 03:04:26.913000
832,SUB,832,,0,,,,,0,0,N,,,,2023-09-20 08:59:36.000000,1910031,,,KAFKA,2023-09-20 08:59:37.000000,2023-12-23 03:04:26.913000
833,SUB,833,,0,,,,,0,0,N,,,,2023-09-20 08:59:36.000000,1910031,,,KAFKA,2023-09-20 08:59:37.000000,2023-12-23 03:04:26.913000
834,SUB,834,,0,,,,,0,0,N,,,,2023-09-20 08:59:36.000000,1910031,,,KAFKA,2023-09-20 08:59:37.000000,2023-12-23 03:04:26.913000
835,SUB,835,,0,,,,,0,0,N,,,,2023-09-20 08:59:36.000000,1910031,,,KAFKA,2023-09-20 08:59:37.000000,2023-12-23 03:04:26.913000
836,SUB,836,,0,,,,,0,0,N,,,,2023-09-20 08:59:36.000000,1910031,,,KAFKA,2023-09-20 08:59:37.000000,2023-12-23 03:04:26.913000
837,SUB,837,,0,,,,,0,0,N,,,,2023-09-20 08:59:36.000000,1910031,,,KAFKA,2023-09-20 08:59:37.000000,2023-12-23 03:04:26.913000
838,SUB,838,,0,,,,,0,0,N,,,,2023-09-20 08:59:36.000000,1910031,,,KAFKA,2023-09-20 08:59:37.000000,2023-12-23 03:04:26.913000
839,SUB,839,,0,,,,,0,0,N,,,,2023-09-20 08:59:36.000000,1910031,,,KAFKA,2023-09-20 08:59:37.000000,2023-12-23 03:04:26.913000
840,SUB,840,,0,,,,,0,0,N,,,,2023-09-20 08:59:36.000000,1910031,,,KAFKA,2023-09-20 08:59:37.000000,2023-12-23 03:04:26.913000
841,SUB,841,,0,,,,,0,0,N,,,,2023-09-20 08:59:36.000000,1910031,,,KAFKA,2023-09-20 08:59:37.000000,2023-12-23 03:04:26.913000
842,SUB,842,,0,,,,,0,0,N,,,,2023-09-20 08:59:36.000000,1910031,,,KAFKA,2023-09-20 08:59:37.000000,2023-12-23 03:04:26.913000
843,SUB,843,,0,,,,,0,0,N,,,,2023-09-20 08:59:36.000000,1910031,,,KAFKA,2023-09-20 08:59:37.000000,2023-12-23 03:04:26.913000
844,SUB_REUSE,844,,0,,,,,0,0,N,,,,2023-07-12 15:40:12.000000,1910031,,,KAFKA,2023-07-12 15:40:18.000000,2023-12-23 03:04:26.913000
845,SUB,845,,0,,,,,0,0,N,,,,2023-09-20 08:59:36.000000,1910031,,,KAFKA,2023-09-20 08:59:37.000000,2023-12-23 03:04:26.913000
846,SUB,846,,0,,,,,0,0,N,,,,2023-09-20 08:59:36.000000,1910031,,,KAFKA,2023-09-20 08:59:37.000000,2023-12-23 03:04:26.913000
848,ETC,848,,0,,,,,0,0,N,,,,2023-09-22 18:50:02.000000,1910031,,,KAFKA,2023-09-22 18:50:03.000000,2023-12-23 03:04:26.913000
850,ETC,850,,0,,,,,0,0,N,,,,2023-07-12 15:40:12.000000,1910031,,,KAFKA,2023-07-12 15:40:18.000000,2023-12-23 03:04:26.913000
851,SUB,851,,0,,,,,0,0,N,,,,2023-09-20 08:59:36.000000,1910031,,,KAFKA,2023-09-20 08:59:37.000000,2023-12-23 03:04:26.913000
852,SUB,852,,0,,,,,0,0,N,,,,2023-09-20 08:59:36.000000,1910031,,,KAFKA,2023-09-20 08:59:37.000000,2023-12-23 03:04:26.913000
853,SUB,853,,0,,,,,0,0,N,,,,2023-09-20 08:59:36.000000,1910031,,,KAFKA,2023-09-20 08:59:37.000000,2023-12-23 03:04:26.913000
854,SUB,854,,0,,,,,0,0,N,,,,2023-09-20 08:59:36.000000,1910031,,,KAFKA,2023-09-20 08:59:37.000000,2023-12-23 03:04:26.913000
855,SUB,855,,0,,,,,0,0,N,,,,2023-09-20 08:59:36.000000,1910031,,,KAFKA,2023-09-20 08:59:37.000000,2023-12-23 03:04:26.913000
861,ETC,861,,0,,,,,0,0,N,,,,2023-07-12 15:40:12.000000,1910031,,,KAFKA,2023-07-12 15:40:18.000000,2023-12-23 03:04:26.913000
862,ETC,862,,0,,,,,0,0,N,,,,2023-09-22 18:50:15.000000,1910031,,,KAFKA,2023-09-22 18:50:16.000000,2023-12-23 03:04:26.913000
863,ETC,863,,0,,,,,0,0,N,,,,2023-07-12 15:40:12.000000,1910031,,,KAFKA,2023-07-12 15:40:18.000000,2023-12-23 03:04:26.913000
864,ETC,864,,0,,,,,0,0,N,,,,2023-07-12 15:40:12.000000,1910031,,,KAFKA,2023-07-12 15:40:18.000000,2023-12-23 03:04:26.913000
865,CUST_WH,865,,0,,,FY,,0,,N,,2023-11-21 15:28:16.000000,1811014,2023-11-22 11:20:17.000000,1910031,2023-11-21 15:28:16.000000,1811014,KAFKA,2023-11-22 11:20:17.000000,2023-12-23 03:04:26.913000
868,ETC,,,,,,,,,,N,,2023-10-31 13:11:47.000000,2110415,,,2023-10-31 13:11:47.000000,2110415,KAFKA,2023-10-31 13:11:48.000000,2023-12-23 03:04:26.913000
869,ETC,869,,0,,,,,0,0,N,,,,2023-07-12 15:40:12.000000,1910031,,,KAFKA,2023-07-12 15:40:18.000000,2023-12-23 03:04:26.913000
870,B2B_SUB,870,,0,,,,,0,0,N,,,,2023-11-13 16:36:03.000000,1910031,2023-04-13 14:53:05.000000,mtr,KAFKA,2023-11-13 16:36:05.000000,2023-12-23 03:04:26.913000
871,B2B_SUB,871,,0,,,,,0,0,N,,,,2023-11-13 16:36:03.000000,1910031,2023-04-13 14:53:05.000000,mtr,KAFKA,2023-11-13 16:36:05.000000,2023-12-23 03:04:26.913000
872,B2B_SUB,872,,0,,,,,0,0,N,,,,2023-11-13 16:36:03.000000,1910031,2023-04-13 14:53:05.000000,mtr,KAFKA,2023-11-13 16:36:05.000000,2023-12-23 03:04:26.913000
873,B2B_SUB,873,,0,,,,,0,0,N,,,,2023-11-13 16:39:17.000000,1910031,2023-04-13 14:53:05.000000,mtr,KAFKA,2023-11-13 16:39:18.000000,2023-12-23 03:04:26.913000
874,B2B_SUB,874,,0,,,,,0,0,N,,,,2023-11-13 16:36:03.000000,1910031,2023-04-13 14:53:05.000000,mtr,KAFKA,2023-11-13 16:36:05.000000,2023-12-23 03:04:26.913000
875,B2B_SUB,875,,0,,,,,0,0,N,,,,2023-11-13 16:39:17.000000,1910031,2023-04-13 14:53:05.000000,mtr,KAFKA,2023-11-13 16:39:18.000000,2023-12-23 03:04:26.913000
876,B2B_SUB,876,,0,,,,,0,0,N,,,,2023-11-13 16:36:03.000000,1910031,2023-04-13 14:53:05.000000,mtr,KAFKA,2023-11-13 16:36:05.000000,2023-12-23 03:04:26.913000
877,B2B_SUB,877,,0,,,,,0,0,N,,,,2023-11-13 16:39:17.000000,1910031,2023-04-13 14:53:05.000000,mtr,KAFKA,2023-11-13 16:39:18.000000,2023-12-23 03:04:26.913000
878,B2B_SUB,878,,0,,,,,0,0,N,,,,2023-11-13 16:36:03.000000,1910031,2023-04-13 14:53:05.000000,mtr,KAFKA,2023-11-13 16:36:05.000000,2023-12-23 03:04:26.913000
879,B2B_SUB,879,,0,,,,,0,0,N,,,,2023-11-13 16:39:17.000000,1910031,2023-04-13 14:53:05.000000,mtr,KAFKA,2023-11-13 16:39:18.000000,2023-12-23 03:04:26.913000
880,B2B_SUB,880,,0,,,,,0,0,N,,,,2023-11-13 16:36:03.000000,1910031,2023-04-13 14:53:05.000000,mtr,KAFKA,2023-11-13 16:36:05.000000,2023-12-23 03:04:26.913000
881,B2B_SUB,881,,0,,,,,0,0,N,,,,2023-11-13 16:39:17.000000,1910031,2023-04-13 14:53:05.000000,mtr,KAFKA,2023-11-13 16:39:18.000000,2023-12-23 03:04:26.913000
882,B2B_SUB,882,,0,,,,,0,0,N,,,,2023-11-13 16:39:17.000000,1910031,2023-04-13 14:53:05.000000,mtr,KAFKA,2023-11-13 16:39:18.000000,2023-12-23 03:04:26.913000
883,B2B_SUB,883,,0,,,,,0,0,N,,,,2023-11-13 16:39:17.000000,1910031,2023-04-13 14:53:05.000000,mtr,KAFKA,2023-11-13 16:39:18.000000,2023-12-23 03:04:26.913000
884,B2B_SUB,884,,0,,,,,0,0,N,,,,2023-11-13 16:36:03.000000,1910031,2023-04-13 14:53:05.000000,mtr,KAFKA,2023-11-13 16:36:05.000000,2023-12-23 03:04:26.913000
885,B2B_SUB,885,,0,,,,,0,0,N,,,,2023-11-13 16:36:03.000000,1910031,2023-04-13 14:53:05.000000,mtr,KAFKA,2023-11-13 16:36:05.000000,2023-12-23 03:04:26.913000
886,B2B_SUB,886,,0,,,,,0,0,N,,,,2023-11-13 16:36:03.000000,1910031,2023-04-13 14:53:05.000000,mtr,KAFKA,2023-11-13 16:36:05.000000,2023-12-23 03:04:26.913000
887,B2B_SUB,887,,0,,,,,0,0,N,,,,2023-11-13 16:36:03.000000,1910031,2023-04-13 14:53:05.000000,mtr,KAFKA,2023-11-13 16:36:05.000000,2023-12-23 03:04:26.913000
888,ETC,888,,0,,,,,0,0,N,,,,2023-11-17 15:05:40.000000,1112204,,,KAFKA,2023-11-17 15:05:40.000000,2023-12-23 03:04:26.913000
889,B2B_SUB,889,,0,,,,,0,0,N,,,,2023-11-13 16:36:03.000000,1910031,2023-04-13 14:53:05.000000,mtr,KAFKA,2023-11-13 16:36:05.000000,2023-12-23 03:04:26.913000
890,B2B_SUB,890,,0,,,,,0,0,N,,,,2023-11-13 16:36:03.000000,1910031,2023-04-13 14:53:05.000000,mtr,KAFKA,2023-11-13 16:36:05.000000,2023-12-23 03:04:26.913000
891,B2B_SUB,891,,0,,,,,0,0,N,,,,2023-11-13 16:36:03.000000,1910031,2023-04-13 14:53:05.000000,mtr,KAFKA,2023-11-13 16:36:05.000000,2023-12-23 03:04:26.913000
892,B2B_SUB,892,,0,,,,,0,0,N,,,,2023-11-13 16:36:03.000000,1910031,2023-04-13 14:53:05.000000,mtr,KAFKA,2023-11-13 16:36:05.000000,2023-12-23 03:04:26.913000
893,B2B_SUB,893,,0,,,,,0,0,N,,,,2023-11-13 16:36:03.000000,1910031,2023-04-13 14:53:05.000000,mtr,KAFKA,2023-11-13 16:36:05.000000,2023-12-23 03:04:26.913000
894,B2B_SUB,894,,0,,,,,0,0,N,,,,2023-11-13 16:36:03.000000,1910031,2023-04-13 14:53:05.000000,mtr,KAFKA,2023-11-13 16:36:05.000000,2023-12-23 03:04:26.913000
895,B2B_SUB,895,,0,,,,,0,0,N,,,,2023-11-13 16:36:03.000000,1910031,2023-04-13 14:53:05.000000,mtr,KAFKA,2023-11-13 16:36:05.000000,2023-12-23 03:04:26.913000
896,B2B_SUB,896,,0,,,,,0,0,N,,,,2023-11-13 16:36:03.000000,1910031,2023-04-13 14:53:05.000000,mtr,KAFKA,2023-11-13 16:36:05.000000,2023-12-23 03:04:26.913000
897,B2B_SUB,897,,0,,,,,0,0,N,,,,2023-11-13 16:36:03.000000,1910031,2023-04-13 14:53:05.000000,mtr,KAFKA,2023-11-13 16:36:05.000000,2023-12-23 03:04:26.913000
898,B2B_SUB,898,,0,,,,,0,0,N,,,,2023-11-13 16:36:03.000000,1910031,2023-04-13 14:53:05.000000,mtr,KAFKA,2023-11-13 16:36:05.000000,2023-12-23 03:04:26.913000
899,B2B_SUB,899,,0,,,,,0,0,N,,,,2023-11-13 16:36:03.000000,1910031,2023-04-13 14:53:05.000000,mtr,KAFKA,2023-11-13 16:36:05.000000,2023-12-23 03:04:26.913000
900,B2B_HUB,900,,0,,,,,17,0,N,SELF,,,2023-11-13 16:39:17.000000,1910031,2023-04-13 14:53:05.000000,mtr,KAFKA,2023-11-13 16:39:18.000000,2023-12-23 03:04:26.913000
901,SUB,901,,0,,,,,41,0,N,,,,2023-09-27 10:05:46.000000,1910031,2023-04-13 14:53:05.000000,mtr,KAFKA,2023-09-27 10:05:47.000000,2023-12-23 03:04:26.913000
902,B2B_SUB,902,,0,,,,,0,0,N,,,,2023-11-13 16:36:03.000000,1910031,2023-04-13 14:53:05.000000,mtr,KAFKA,2023-11-13 16:36:05.000000,2023-12-23 03:04:26.913000
903,B2B_SUB,903,,0,,,,,0,0,N,,,,2023-11-13 16:36:03.000000,1910031,2023-04-13 14:53:05.000000,mtr,KAFKA,2023-11-13 16:36:05.000000,2023-12-23 03:04:26.913000
904,B2B_SUB,904,,0,,,,,0,0,N,,,,2023-11-13 16:36:03.000000,1910031,2023-04-13 14:53:05.000000,mtr,KAFKA,2023-11-13 16:36:05.000000,2023-12-23 03:04:26.913000
905,B2B_SUB,905,,0,,,,,0,0,N,,,,2023-11-13 16:36:03.000000,1910031,2023-04-13 14:53:05.000000,mtr,KAFKA,2023-11-13 16:36:05.000000,2023-12-23 03:04:26.913000
906,B2B_SUB,906,,0,,,,,0,0,N,,,,2023-11-13 16:36:03.000000,1910031,2023-04-13 14:53:05.000000,mtr,KAFKA,2023-11-13 16:36:05.000000,2023-12-23 03:04:26.913000
907,B2B_SUB,907,,0,,,,,0,0,N,,,,2023-11-13 16:36:03.000000,1910031,2023-04-13 14:53:05.000000,mtr,KAFKA,2023-11-13 16:36:05.000000,2023-12-23 03:04:26.913000
908,B2B_SUB,908,,0,,,,,0,0,N,,,,2023-11-13 16:36:03.000000,1910031,2023-04-13 14:53:05.000000,mtr,KAFKA,2023-11-13 16:36:05.000000,2023-12-23 03:04:26.913000
909,CUST_WH,909,,0,,,KF,,0,0,N,,,,2023-07-12 15:40:12.000000,1910031,,,KAFKA,2023-07-12 15:40:18.000000,2023-12-23 03:04:26.913000
910,CUST_WH,910,,0,,,FS,,0,0,N,,,,2023-10-13 16:45:16.000000,2211823,,,KAFKA,2023-10-13 16:45:16.000000,2023-12-23 03:04:26.913000
911,CUST_WH,911,,0,,,AP,,0,0,N,,,,2023-10-13 15:44:32.000000,2211823,,,KAFKA,2023-10-13 15:44:33.000000,2023-12-23 03:04:26.913000
912,B2B_SUB,912,,0,,,,,0,0,N,,,,2023-11-13 16:36:03.000000,1910031,2023-04-13 14:53:05.000000,mtr,KAFKA,2023-11-13 16:36:05.000000,2023-12-23 03:04:26.913000
913,B2B_SUB,913,,0,,,,,0,0,N,,,,2023-11-13 16:36:03.000000,1910031,2023-04-13 14:53:05.000000,mtr,KAFKA,2023-11-13 16:36:05.000000,2023-12-23 03:04:26.913000
914,B2B_SUB,914,,0,,,,,0,0,N,,,,2023-11-13 16:36:03.000000,1910031,2023-04-13 14:53:05.000000,mtr,KAFKA,2023-11-13 16:36:05.000000,2023-12-23 03:04:26.913000
915,B2B_SUB,915,,0,,,,,0,0,N,,,,2023-11-13 16:36:03.000000,1910031,2023-04-13 14:53:05.000000,mtr,KAFKA,2023-11-13 16:36:05.000000,2023-12-23 03:04:26.913000
916,B2B_SUB,916,,0,,,,,0,0,N,,,,2023-11-13 16:36:03.000000,1910031,2023-04-13 14:53:05.000000,mtr,KAFKA,2023-11-13 16:36:05.000000,2023-12-23 03:04:26.913000
917,B2B_SUB,917,,0,,,,,0,0,N,,,,2023-11-13 16:36:03.000000,1910031,2023-04-13 14:53:05.000000,mtr,KAFKA,2023-11-13 16:36:05.000000,2023-12-23 03:04:26.913000
918,B2B_SUB,918,,0,,,,,0,0,N,,,,2023-11-13 16:36:03.000000,1910031,2023-04-13 14:53:05.000000,mtr,KAFKA,2023-11-13 16:36:05.000000,2023-12-23 03:04:26.913000
919,B2B_SUB,919,,0,,,,,0,0,N,,,,2023-11-13 16:36:03.000000,1910031,2023-04-13 14:53:05.000000,mtr,KAFKA,2023-11-13 16:36:05.000000,2023-12-23 03:04:26.913000
920,B2B_SUB,920,,0,,,,,0,0,N,,,,2023-11-13 16:36:03.000000,1910031,2023-04-13 14:53:05.000000,mtr,KAFKA,2023-11-13 16:36:05.000000,2023-12-23 03:04:26.913000
921,B2B_SUB,921,,0,,,,,0,0,N,,,,2023-11-13 16:36:03.000000,1910031,2023-04-13 14:53:05.000000,mtr,KAFKA,2023-11-13 16:36:05.000000,2023-12-23 03:04:26.913000
922,B2B_SUB,922,,0,,,,,0,0,N,,,,2023-11-13 16:36:03.000000,1910031,2023-04-13 14:53:05.000000,mtr,KAFKA,2023-11-13 16:36:05.000000,2023-12-23 03:04:26.913000
923,B2B_SUB,923,,0,,,,,0,0,N,,,,2023-11-13 16:36:03.000000,1910031,2023-04-13 14:53:05.000000,mtr,KAFKA,2023-11-13 16:36:05.000000,2023-12-23 03:04:26.913000
924,B2B_SUB,924,,0,,,,,0,0,N,,,,2023-11-13 16:36:03.000000,1910031,2023-04-13 14:53:05.000000,mtr,KAFKA,2023-11-13 16:36:05.000000,2023-12-23 03:04:26.913000
925,B2B_SUB,925,,0,,,,,0,0,N,,,,2023-11-13 16:36:03.000000,1910031,2023-04-13 14:53:05.000000,mtr,KAFKA,2023-11-13 16:36:05.000000,2023-12-23 03:04:26.913000
926,B2B_SUB,926,,0,,,,,0,0,N,,,,2023-11-13 16:36:03.000000,1910031,2023-04-13 14:53:05.000000,mtr,KAFKA,2023-11-13 16:36:05.000000,2023-12-23 03:04:26.913000
927,B2B_SUB,927,,0,,,,,0,0,N,,,,2023-11-13 16:36:03.000000,1910031,2023-04-13 14:53:05.000000,mtr,KAFKA,2023-11-13 16:36:05.000000,2023-12-23 03:04:26.913000
928,B2B_SUB,928,,0,,,,,0,0,N,,,,2023-11-13 16:36:03.000000,1910031,2023-04-13 14:53:05.000000,mtr,KAFKA,2023-11-13 16:36:05.000000,2023-12-23 03:04:26.913000
929,B2B_SUB,929,,0,,,,,0,0,N,,,,2023-11-13 16:36:03.000000,1910031,2023-04-13 14:53:05.000000,mtr,KAFKA,2023-11-13 16:36:05.000000,2023-12-23 03:04:26.913000
930,B2B_SUB,930,,0,,,,,0,0,N,,,,2023-11-13 16:36:03.000000,1910031,2023-04-13 14:53:05.000000,mtr,KAFKA,2023-11-13 16:36:05.000000,2023-12-23 03:04:26.913000
931,B2B_SUB,931,,0,,,,,0,0,N,,,,2023-11-13 16:36:03.000000,1910031,2023-04-13 14:53:05.000000,mtr,KAFKA,2023-11-13 16:36:05.000000,2023-12-23 03:04:26.913000
932,B2B_SUB,932,,0,,,,,0,0,N,,,,2023-11-13 16:36:03.000000,1910031,2023-04-13 14:53:05.000000,mtr,KAFKA,2023-11-13 16:36:05.000000,2023-12-23 03:04:26.913000
933,B2B_SUB,933,,0,,,,,0,0,N,,,,2023-11-13 16:36:03.000000,1910031,2023-04-13 14:53:05.000000,mtr,KAFKA,2023-11-13 16:36:05.000000,2023-12-23 03:04:26.913000
934,B2B_SUB,934,,0,,,,,0,0,N,,,,2023-11-13 16:36:03.000000,1910031,2023-04-13 14:53:05.000000,mtr,KAFKA,2023-11-13 16:36:05.000000,2023-12-23 03:04:26.913000
935,B2B_SUB,935,,0,,,,,0,0,N,,,,2023-11-13 16:36:03.000000,1910031,2023-04-13 14:53:05.000000,mtr,KAFKA,2023-11-13 16:36:05.000000,2023-12-23 03:04:26.913000
936,B2B_SUB,936,,0,,,,,0,0,N,,,,2023-11-13 16:36:03.000000,1910031,2023-04-13 14:53:05.000000,mtr,KAFKA,2023-11-13 16:36:05.000000,2023-12-23 03:04:26.913000
937,B2B_SUB,937,,0,,,,,0,0,N,,,,2023-11-13 16:36:03.000000,1910031,2023-04-13 14:53:05.000000,mtr,KAFKA,2023-11-13 16:36:05.000000,2023-12-23 03:04:26.913000
938,B2B_SUB,938,,0,,,,,0,0,N,,,,2023-11-13 16:36:03.000000,1910031,2023-04-13 14:53:05.000000,mtr,KAFKA,2023-11-13 16:36:05.000000,2023-12-23 03:04:26.913000
939,CUST_WH,939,,0,,,AI,,0,0,N,,,,2023-11-03 16:01:07.000000,1910031,,,KAFKA,2023-11-03 16:01:08.000000,2023-12-23 03:04:26.913000
940,B2B_SUB,940,,0,,,,,0,0,N,,,,2023-11-13 16:36:03.000000,1910031,2023-04-13 14:53:05.000000,mtr,KAFKA,2023-11-13 16:36:05.000000,2023-12-23 03:04:26.913000
941,B2B_SUB,941,,0,,,,,0,0,N,,,,2023-11-13 16:36:03.000000,1910031,2023-04-13 14:53:05.000000,mtr,KAFKA,2023-11-13 16:36:05.000000,2023-12-23 03:04:26.913000
942,B2B_SUB,942,,0,,,,,0,0,N,,,,2023-11-13 16:36:03.000000,1910031,2023-04-13 14:53:05.000000,mtr,KAFKA,2023-11-13 16:36:05.000000,2023-12-23 03:04:26.913000
943,B2B_SUB,943,,0,,,,,0,0,N,,,,2023-11-13 16:36:03.000000,1910031,2023-04-13 14:53:05.000000,mtr,KAFKA,2023-11-13 16:36:05.000000,2023-12-23 03:04:26.913000
944,B2B_SUB,944,,0,,,,,0,0,N,,,,2023-11-13 16:36:03.000000,1910031,2023-04-13 14:53:05.000000,mtr,KAFKA,2023-11-13 16:36:05.000000,2023-12-23 03:04:26.913000
945,B2B_SUB,945,,0,,,,,0,0,N,,,,2023-11-13 16:36:03.000000,1910031,2023-04-13 14:53:05.000000,mtr,KAFKA,2023-11-13 16:36:05.000000,2023-12-23 03:04:26.913000
946,B2B_SUB,946,,0,,,,,0,0,N,,,,2023-11-13 16:36:03.000000,1910031,2023-04-13 14:53:05.000000,mtr,KAFKA,2023-11-13 16:36:05.000000,2023-12-23 03:04:26.913000
947,B2B_SUB,947,,0,,,,,0,0,N,,,,2023-11-13 16:36:03.000000,1910031,2023-04-13 14:53:05.000000,mtr,KAFKA,2023-11-13 16:36:05.000000,2023-12-23 03:04:26.913000
948,B2B_SUB,948,,0,,,,,0,0,N,,,,2023-11-13 16:36:03.000000,1910031,2023-04-13 14:53:05.000000,mtr,KAFKA,2023-11-13 16:36:05.000000,2023-12-23 03:04:26.913000
949,B2B_SUB,949,,0,,,,,0,0,N,,,,2023-11-13 16:36:03.000000,1910031,2023-04-13 14:53:05.000000,mtr,KAFKA,2023-11-13 16:36:05.000000,2023-12-23 03:04:26.913000
950,B2B_SUB,950,,0,,,,,0,0,N,,,,2023-11-13 16:36:03.000000,1910031,2023-04-13 14:53:05.000000,mtr,KAFKA,2023-11-13 16:36:05.000000,2023-12-23 03:04:26.913000
951,B2B_SUB,951,,0,,,,,0,0,N,,,,2023-11-13 16:36:03.000000,1910031,2023-04-13 14:53:05.000000,mtr,KAFKA,2023-11-13 16:36:05.000000,2023-12-23 03:04:26.913000
952,B2B_SUB,952,,0,,,,,0,0,N,,,,2023-11-13 16:36:03.000000,1910031,2023-04-13 14:53:05.000000,mtr,KAFKA,2023-11-13 16:36:05.000000,2023-12-23 03:04:26.913000
953,B2B_SUB,953,,0,,,,,0,0,N,,,,2023-11-13 16:36:03.000000,1910031,2023-04-13 14:53:05.000000,mtr,KAFKA,2023-11-13 16:36:05.000000,2023-12-23 03:04:26.913000
954,B2B_SUB,954,,0,,,,,0,0,N,,,,2023-11-13 16:36:03.000000,1910031,2023-04-13 14:53:05.000000,mtr,KAFKA,2023-11-13 16:36:05.000000,2023-12-23 03:04:26.913000
955,B2B_SUB,955,,0,,,,,0,0,N,,,,2023-11-13 16:36:03.000000,1910031,2023-04-13 14:53:05.000000,mtr,KAFKA,2023-11-13 16:36:05.000000,2023-12-23 03:04:26.913000
956,B2B_SUB,956,,0,,,,,0,0,N,,,,2023-11-13 16:36:03.000000,1910031,2023-04-13 14:53:05.000000,mtr,KAFKA,2023-11-13 16:36:05.000000,2023-12-23 03:04:26.913000
957,B2B_SUB,957,,0,,,,,0,0,N,,,,2023-11-13 16:36:03.000000,1910031,2023-04-13 14:53:05.000000,mtr,KAFKA,2023-11-13 16:36:05.000000,2023-12-23 03:04:26.913000
958,B2B_SUB,958,,0,,,,,0,0,N,,,,2023-11-13 16:36:03.000000,1910031,2023-04-13 14:53:05.000000,mtr,KAFKA,2023-11-13 16:36:05.000000,2023-12-23 03:04:26.913000
959,B2B_SUB,959,,0,,,,,0,0,N,,,,2023-11-13 16:36:03.000000,1910031,2023-04-13 14:53:05.000000,mtr,KAFKA,2023-11-13 16:36:05.000000,2023-12-23 03:04:26.913000
960,B2B_SUB,960,,0,,,,,0,0,N,,,,2023-11-13 16:36:03.000000,1910031,2023-04-13 14:53:05.000000,mtr,KAFKA,2023-11-13 16:36:05.000000,2023-12-23 03:04:26.913000
961,B2B_SUB,961,,0,,,,,0,0,N,,,,2023-11-13 16:36:03.000000,1910031,2023-04-13 14:53:05.000000,mtr,KAFKA,2023-11-13 16:36:05.000000,2023-12-23 03:04:26.913000
962,B2B_SUB,962,,0,,,,,0,0,N,,,,2023-11-13 16:36:03.000000,1910031,2023-04-13 14:53:05.000000,mtr,KAFKA,2023-11-13 16:36:05.000000,2023-12-23 03:04:26.913000
963,B2B_SUB,963,,0,,,,,0,0,N,,,,2023-11-13 16:36:03.000000,1910031,2023-04-13 14:53:05.000000,mtr,KAFKA,2023-11-13 16:36:05.000000,2023-12-23 03:04:26.913000
964,B2B_SUB,964,,0,,,,,0,0,N,,,,2023-11-13 16:39:17.000000,1910031,2023-04-13 14:53:05.000000,mtr,KAFKA,2023-11-13 16:39:18.000000,2023-12-23 03:04:26.913000
965,B2B_SUB,965,,0,,,,,0,0,N,,,,2023-11-13 16:36:03.000000,1910031,2023-04-13 14:53:05.000000,mtr,KAFKA,2023-11-13 16:36:05.000000,2023-12-23 03:04:26.913000
966,B2B_SUB,966,,0,,,,,0,0,N,,,,2023-11-13 16:36:03.000000,1910031,2023-04-13 14:53:05.000000,mtr,KAFKA,2023-11-13 16:36:05.000000,2023-12-23 03:04:26.913000
967,B2B_SUB,967,,0,,,,,0,0,N,,,,2023-11-13 16:36:03.000000,1910031,2023-04-13 14:53:05.000000,mtr,KAFKA,2023-11-13 16:36:05.000000,2023-12-23 03:04:26.913000
968,B2B_SUB,968,,0,,,,,0,0,N,,,,2023-11-13 16:39:17.000000,1910031,2023-04-13 14:53:05.000000,mtr,KAFKA,2023-11-13 16:39:18.000000,2023-12-23 03:04:26.913000
969,B2B_SUB,969,,0,,,,,0,0,N,,,,2023-11-13 16:39:17.000000,1910031,2023-04-13 14:53:05.000000,mtr,KAFKA,2023-11-13 16:39:18.000000,2023-12-23 03:04:26.913000
970,ETC,970,,0,,,,,0,0,N,,,,2023-07-12 15:40:12.000000,1910031,,,KAFKA,2023-07-12 15:40:18.000000,2023-12-23 03:04:26.913000
971,CUST_WH,971,,0,,,FP,,0,,N,,,,2023-11-07 09:15:03.000000,1910031,,,KAFKA,2023-11-07 09:15:03.000000,2023-12-23 03:04:26.913000
972,CUST_WH,972,,0,,,FQ,,0,,N,,,,2023-11-07 09:15:13.000000,1910031,,,KAFKA,2023-11-07 09:15:13.000000,2023-12-23 03:04:26.913000
973,CUST_WH,973,,0,,,FR,,0,,N,,,,2023-11-07 09:15:29.000000,1910031,,,KAFKA,2023-11-07 09:15:29.000000,2023-12-23 03:04:26.913000
974,CUST_WH,974,,0,,,FT,,0,,N,,,,2023-11-07 09:15:45.000000,1910031,,,KAFKA,2023-11-07 09:15:46.000000,2023-12-23 03:04:26.913000
975,CUST_WH,975,,0,,,FU,,0,,N,,,,2023-11-07 09:15:55.000000,1910031,,,KAFKA,2023-11-07 09:15:55.000000,2023-12-23 03:04:26.913000
976,CUST_WH,976,,0,,,ZA,,0,0,N,,,,2023-11-03 16:01:07.000000,1910031,,,KAFKA,2023-11-03 16:01:08.000000,2023-12-23 03:04:26.913000
977,ETC,977,,0,,,,,0,0,N,,,,2023-07-12 15:40:12.000000,1910031,,,KAFKA,2023-07-12 15:40:18.000000,2023-12-23 03:04:26.913000
978,CUST_WH,978,,0,,,ZB,,0,0,N,,,,2023-11-03 16:01:07.000000,1910031,,,KAFKA,2023-11-03 16:01:08.000000,2023-12-23 03:04:26.913000
979,CUST_WH,979,,0,,,AC,,0,0,N,,,,2023-11-17 15:07:55.000000,1112204,,,KAFKA,2023-11-17 15:07:56.000000,2023-12-23 03:04:26.913000
980,CUST_WH,980,,0,,,CE,,0,0,N,,,,2023-11-03 16:01:07.000000,1910031,,,KAFKA,2023-11-03 16:01:08.000000,2023-12-23 03:04:26.913000
981,CUST_WH,981,,0,,,IP,,0,0,N,,,,2023-11-17 15:14:18.000000,1112204,,,KAFKA,2023-11-17 15:14:19.000000,2023-12-23 03:04:26.913000
982,CUST_WH,982,,0,,,CS,,0,0,N,,,,2023-11-17 15:06:38.000000,1112204,,,KAFKA,2023-11-17 15:06:39.000000,2023-12-23 03:04:26.913000
983,CUST_WH,983,,0,,,ZC,,0,0,N,,,,2023-11-03 16:01:07.000000,1910031,,,KAFKA,2023-11-03 16:01:08.000000,2023-12-23 03:04:26.913000
984,CUST_WH,984,,0,,,CT,,0,0,N,,,,2023-11-03 16:01:07.000000,1910031,,,KAFKA,2023-11-03 16:01:08.000000,2023-12-23 03:04:26.913000
985,CUST_WH,985,,0,,,CP,,0,0,N,,,,2023-11-03 16:01:07.000000,1910031,,,KAFKA,2023-11-03 16:01:08.000000,2023-12-23 03:04:26.913000
986,CUST_WH,986,,0,,,BF,,0,0,N,,,,2023-11-03 16:01:07.000000,1910031,,,KAFKA,2023-11-03 16:01:08.000000,2023-12-23 03:04:26.913000
987,CUST_WH,987,,0,,,PG,,0,0,N,,,,2023-11-17 17:19:21.000000,1111902,,,KAFKA,2023-11-17 17:19:22.000000,2023-12-23 03:04:26.913000
988,CUST_WH,988,,0,,,FE,,0,,N,,,,2023-11-30 10:19:55.000000,1111902,,,KAFKA,2023-11-30 10:19:55.000000,2023-12-23 03:04:26.913000
989,CUST_WH,989,,0,,,YP,,1,1,N,,,,2023-11-17 14:59:35.000000,1112204,,,KAFKA,2023-11-17 14:59:36.000000,2023-12-23 03:04:26.913000
990,ETC,990,,0,,,,,0,0,N,,,,2023-07-12 15:40:12.000000,1910031,,,KAFKA,2023-07-12 15:40:18.000000,2023-12-23 03:04:26.913000
991,CUST_WH,991,,0,,,PI,,0,0,N,,,,2023-11-03 15:50:27.000000,1910031,,,KAFKA,2023-11-03 15:50:27.000000,2023-12-23 03:04:26.913000
992,CUST_WH,992,,0,,,FH,,0,,N,,2023-10-31 14:54:57.000000,1811014,2023-11-07 09:07:36.000000,1910031,2023-10-31 14:54:57.000000,1811014,KAFKA,2023-11-07 09:07:37.000000,2023-12-23 03:04:26.913000
993,CUST_WH,993,,0,,,FI,,0,,N,,2023-10-31 14:50:52.000000,1811014,2023-11-07 09:08:02.000000,1910031,2023-10-31 14:50:52.000000,1811014,KAFKA,2023-11-07 09:08:03.000000,2023-12-23 03:04:26.913000
994,CUST_WH,994,,0,,,FJ,,0,,N,,2023-10-31 14:46:46.000000,1811014,2023-11-07 09:07:51.000000,1910031,2023-10-31 14:46:46.000000,1811014,KAFKA,2023-11-07 09:07:52.000000,2023-12-23 03:04:26.913000
995,CUST_WH,995,,0,,,TS,,0,,N,,2023-11-03 14:30:50.000000,1811014,2023-11-07 09:17:08.000000,1910031,2023-11-03 14:30:50.000000,1811014,KAFKA,2023-11-07 09:17:08.000000,2023-12-23 03:04:26.913000
996,CUST_WH,996,,0,,,BL,,0,,N,,2023-11-03 14:33:15.000000,1811014,2023-11-13 08:45:38.000000,2211823,2023-11-03 14:33:15.000000,1811014,KAFKA,2023-11-13 08:45:39.000000,2023-12-23 03:04:26.913000
997,CUST_WH,997,,0,,,FW,,0,,N,,2023-11-21 15:25:00.000000,1811014,2023-11-22 11:17:16.000000,1910031,2023-11-21 15:25:00.000000,1811014,KAFKA,2023-11-22 11:17:16.000000,2023-12-23 03:04:26.913000
998,CUST_WH,998,,0,,,FX,,0,,N,,2023-11-21 15:26:03.000000,1811014,2023-11-22 11:17:29.000000,1910031,2023-11-21 15:26:03.000000,1811014,KAFKA,2023-11-22 11:17:30.000000,2023-12-23 03:04:26.913000
999,ETC,999,,0,,,,,0,0,N,,,,2023-09-20 09:03:28.000000,1910031,,,KAFKA,2023-09-20 09:03:29.000000,2023-12-23 03:04:26.913000
